shapeID,name,sol,pop,area_km2,parent,sol_0,growth,abs_change,growth_2dates,period_growth,trend_growth,trend_lo,trend_hi,trend_p,trend_n,z_robust,eligible,z_signal,flag
2480657B26321648161032,Adenta Municipal,12822.4,108055,78.8248,Greater Accra Region,3254.25,0.145378,9568.13,0.164578,0.145378,0.153133,0.135076,0.178449,5.51146e-07,10,-0.672966,True,-0.672966,within normal range · dans la plage normale
2480657B94892111901595,Ledzokuku Municipal,5051.86,213802,28.6683,Greater Accra Region,1388.56,0.129521,3663.3,0.154305,0.129521,0.137821,0.126646,0.163113,5.51146e-07,10,-0.902218,True,-0.902218,within normal range · dans la plage normale
2480657B14989848452061,Chereponi,730.897,65887.4,1375.62,North East Region,94.9306,0.248003,635.967,0.254569,0.248003,0.24204,0.152087,0.33847,0.000357694,10,0.810776,True,0.810776,within normal range · dans la plage normale
2480657B52594370214383,Wa East,916.167,126431,4297.13,Upper West Region,144.951,0.162488,771.216,0.227361,0.162488,0.176055,0.0886916,0.253848,0.00011519,10,-0.425583,True,-0.425583,within normal range · dans la plage normale
2480657B26357719954092,Wa Municipal,5384.73,88227.6,579.536,Upper West Region,1364.14,0.166076,4020.59,0.164813,0.166076,0.162474,0.139556,0.182052,5.51146e-07,10,-0.373706,True,-0.373706,within normal range · dans la plage normale
2480657B56307698722921,Saboba,664.192,82355.2,1752.1,Northern Region,57.9131,0.191511,606.278,0.311366,0.191511,0.218111,0.117589,0.384956,0.000946318,10,-0.00597305,False,,low initial base · base initiale trop faible
2480657B21686152565613,Jirapa,1226.26,115739,1187.79,Upper West Region,164.054,0.149622,1062.21,0.25045,0.149622,0.176651,0.111562,0.25045,0.000357694,10,-0.611599,True,-0.611599,within normal range · dans la plage normale
2480657B56494255769768,Gushegu,682.348,138890,2674.59,Northern Region,150.684,0.178688,531.664,0.18272,0.178688,0.185882,0.148412,0.221353,2.97619e-05,10,-0.191376,True,-0.191376,within normal range · dans la plage normale
2480657B76140913943028,Sissala West,1211.52,38675.4,2048.02,Upper West Region,186.835,0.193274,1024.69,0.230858,0.193274,0.190008,0.0901557,0.304967,0.00221285,10,0.0195114,True,0.0195114,within normal range · dans la plage normale
2480657B57712569843933,Nanumba North,770.037,160302,2258.94,Northern Region,83.6825,0.243063,686.355,0.279668,0.243063,0.22886,0.166441,0.303816,2.97619e-05,10,0.73936,True,0.73936,within normal range · dans la plage normale
2480657B9523556036154,Lambussie-karni,802.749,80644,809.962,Upper West Region,94.2488,0.166232,708.501,0.268724,0.166232,0.159398,0.0756037,0.275352,0.00221285,10,-0.371459,True,-0.371459,within normal range · dans la plage normale
2480657B19364380807593,Bolgatanga Municipal,3282.29,104063,323.238,Upper East Region,593.994,0.201058,2688.3,0.209173,0.201058,0.201925,0.17067,0.2234,5.51146e-07,10,0.132053,True,0.132053,within normal range · dans la plage normale
2480657B24752518727633,Nanumba South,874.727,222233,1791.04,Northern Region,61.18,0.279392,813.547,0.343886,0.279392,0.279392,0.19107,0.370339,2.97619e-05,10,1.26459,True,1.26459,within normal range · dans la plage normale
2480657B27014820297576,Wenchi Municipal,1826.74,99924.5,1141.86,Bono Region,305.815,0.188287,1520.92,0.219681,0.188287,0.191765,0.146099,0.241949,5.51146e-06,10,-0.0525821,True,-0.0525821,within normal range · dans la plage normale
2480657B66034837272834,Bongo,1366.42,92467.6,415.727,Upper East Region,53.5164,0.353598,1312.9,0.433323,0.353598,0.372901,0.243035,0.519213,0.00011519,10,2.33744,False,,low initial base · base initiale trop faible
2480657B7981851544250,Tano South Municipal,951.611,73730,490.293,Ahafo Region,221.929,0.154167,729.682,0.175573,0.154167,0.165201,0.107306,0.234952,0.00011519,10,-0.545886,True,-0.545886,within normal range · dans la plage normale
2480657B70680953475259,Kasena Nankana West,868.15,97426.9,872.729,Upper East Region,108.562,0.249456,759.588,0.259866,0.249456,0.249563,0.189002,0.322516,2.97619e-05,10,0.831783,True,0.831783,within normal range · dans la plage normale
2480657B35206472883168,Wa West,840.137,83669.6,1489.82,Upper West Region,96.1492,0.269388,743.988,0.272332,0.269388,0.273956,0.233392,0.30619,5.51146e-07,10,1.11996,True,1.11996,within normal range · dans la plage normale
2480657B55840347650819,Sunyani Municipal,5496.25,117380,506.248,Bono Region,1502.99,0.162788,3993.26,0.154962,0.162788,0.159418,0.146039,0.178288,5.51146e-07,10,-0.421248,True,-0.421248,within normal range · dans la plage normale
2480657B66384530229883,Sawla-tuna-kalba,792.298,104552,4226.18,Savannah Region,193.732,0.127986,598.566,0.169406,0.127986,0.13481,0.127986,0.188196,2.97619e-05,10,-0.924414,True,-0.924414,within normal range · dans la plage normale
2480657B39079904074923,Asante Akim South,1895.43,141526,1151.29,Ashanti Region,306.14,0.185104,1589.29,0.22455,0.185104,0.187637,0.154857,0.22455,5.51146e-07,10,-0.0986102,True,-0.0986102,within normal range · dans la plage normale
2480657B88326891244380,Sissala East,1341.49,91790.1,5091.45,Upper West Region,196.738,0.183411,1144.75,0.237751,0.183411,0.182226,0.130202,0.252468,2.97619e-05,10,-0.123091,True,-0.123091,within normal range · dans la plage normale
2480657B57636315193797,Ada East,1948.72,98149,289.771,Greater Accra Region,380.51,0.161192,1568.21,0.199003,0.161192,0.179483,0.150855,0.209452,5.51146e-07,10,-0.44433,True,-0.44433,within normal range · dans la plage normale
2480657B66464396810782,Shai Osudoku,5307.15,61643.7,970.891,Greater Accra Region,561.257,0.274207,4745.89,0.283545,0.274207,0.27011,0.21575,0.335066,5.51146e-07,10,1.18962,True,1.18962,within normal range · dans la plage normale
2480657B68256913631937,Kasena Nankana East,1844.65,117037,769.693,Upper East Region,330.659,0.202687,1514,0.210454,0.202687,0.210816,0.186185,0.229915,5.51146e-07,10,0.1556,True,0.1556,within normal range · dans la plage normale
2480657B39710750100206,Ada West,1190.45,85758.1,322.85,Greater Accra Region,188.4,0.233518,1002.05,0.227323,0.233518,0.236753,0.199167,0.278077,5.51146e-07,10,0.601353,True,0.601353,within normal range · dans la plage normale
2480657B78318361422462,Bunkpurugu Nakpanduri,1140.08,129103,767.599,North East Region,122.008,0.232432,1018.08,0.281855,0.232432,0.273985,0.20092,0.3211,2.97619e-05,10,0.585659,True,0.585659,within normal range · dans la plage normale
2480657B97498759939018,Garu,570.323,102224,675.521,Upper East Region,51.9524,0.24486,518.371,0.305007,0.24486,0.242345,0.118863,0.336663,0.000357694,10,0.765336,False,,low initial base · base initiale trop faible
2480657B81968156308620,Ningo/prampram,13531.5,98907,620.837,Greater Accra Region,2576.59,0.213061,10954.9,0.202357,0.213061,0.208481,0.195118,0.232978,5.51146e-07,10,0.305593,True,0.305593,within normal range · dans la plage normale
2480657B84792930556748,East Mamprusi,1864.51,163043,1705.34,North East Region,162.846,0.268697,1701.66,0.311122,0.268697,0.293379,0.198956,0.444661,5.51146e-07,10,1.10997,True,1.10997,within normal range · dans la plage normale
2480657B88791559733000,La Dade-kotopon,6223.67,460514,36.3307,Greater Accra Region,2423.77,0.101739,3799.9,0.110468,0.101739,0.105787,0.0947647,0.119714,5.51146e-07,10,-1.30389,True,-1.30389,within normal range · dans la plage normale
2480657B35637781657714,Bawku West,1321.41,109691,1072.69,Upper East Region,376.583,0.0826454,944.831,0.149676,0.0826454,0.12697,0.0714765,0.198847,0.000946318,10,-1.57994,True,-1.57994,within normal range · dans la plage normale
2480657B72501418673064,Aowin,898.382,126425,2609.57,Western North Region,127.971,0.225825,770.411,0.241764,0.225825,0.224675,0.161072,0.24669,5.51146e-06,10,0.490126,True,0.490126,within normal range · dans la plage normale
2480657B16380673722667,Dormaa East,706.65,80454,571.98,Bono Region,75.2096,0.278293,631.44,0.282636,0.278293,0.293611,0.222559,0.387872,5.51146e-06,10,1.2487,True,1.2487,within normal range · dans la plage normale
2480657B41275879010095,Suaman,295.168,27130.6,398.765,Western North Region,38.1288,0.303543,257.039,0.255328,0.303543,0.292658,0.150712,0.421064,0.000357694,10,1.61376,False,,low initial base · base initiale trop faible
2480657B78254100433505,Berekum East Municipal,1670.44,109796,460.618,Bono Region,373.347,0.148557,1297.09,0.181142,0.148557,0.173503,0.145316,0.202384,5.51146e-07,10,-0.626997,True,-0.626997,within normal range · dans la plage normale
2480657B75704309897075,Bia East,249.279,57100.8,784.067,Western North Region,15.8987,0.273762,233.38,0.357731,0.273762,0.335318,0.2125,0.415123,2.97619e-05,10,1.1832,False,,low initial base · base initiale trop faible
2480657B92052873943163,Jaman South Municipal,1271.05,100232,754.406,Bono Region,142.429,0.286886,1128.62,0.275317,0.286886,0.295358,0.204675,0.356242,5.51146e-07,10,1.37294,True,1.37294,within normal range · dans la plage normale
2480657B58435284570364,Bia West,546.664,76165.3,1284.94,Western North Region,94.1808,0.219278,452.483,0.2158,0.219278,0.219278,0.131693,0.287563,5.51146e-07,10,0.39548,True,0.39548,within normal range · dans la plage normale
2480657B93462158202754,Sunyani West,2858.67,124841,1059.81,Bono Region,529.508,0.17588,2329.17,0.206051,0.17588,0.187127,0.163739,0.208787,5.51146e-07,10,-0.23196,True,-0.23196,within normal range · dans la plage normale
2480657B96138797401471,Asunafo North Municipal,1458.82,149529,1410.37,Ahafo Region,239.34,0.196798,1219.48,0.222421,0.196798,0.196798,0.152528,0.2414,5.51146e-06,10,0.0704558,True,0.0704558,within normal range · dans la plage normale
2480657B1960270363323,Bodi,273.765,48868.5,661.806,Western North Region,24.6829,0.227416,249.082,0.306499,0.227416,0.280977,0.0939179,0.458052,0.000946318,10,0.51313,False,,low initial base · base initiale trop faible
2480657B56579001772859,Juaboso,603.076,77127,1367.34,Western North Region,44.1945,0.236265,558.882,0.336939,0.236265,0.276691,0.151807,0.444921,0.00011519,10,0.641071,False,,low initial base · base initiale trop faible
2480657B63998169387071,Nkoranza North,663.018,91724.1,1389.65,Bono East Region,67.2583,0.202861,595.76,0.289496,0.202861,0.211154,0.138343,0.34515,0.00011519,10,0.158119,True,0.158119,within normal range · dans la plage normale
2480657B51466124780551,Kintampo South,1393.17,91496.5,1511.08,Bono East Region,288.751,0.180597,1104.42,0.191083,0.180597,0.172866,0.153244,0.212645,2.97619e-05,10,-0.163775,True,-0.163775,within normal range · dans la plage normale
2480657B99130964172058,Shama,2146.6,251490,193.188,Western Region,544.84,0.108372,1601.76,0.164568,0.108372,0.119713,0.0941362,0.166178,5.51146e-06,10,-1.20799,True,-1.20799,within normal range · dans la plage normale
2480657B68079094729511,Tano North Municipal,1828.63,119252,836.217,Ahafo Region,321.059,0.202759,1507.58,0.213247,0.202759,0.202759,0.173706,0.228146,5.51146e-06,10,0.15664,True,0.15664,within normal range · dans la plage normale
2480657B7921909152770,Wassa East,1121.15,82628.3,1652.09,Western Region,272.454,0.135826,848.692,0.170208,0.135826,0.146265,0.0928653,0.2052,0.00011519,10,-0.811061,True,-0.811061,within normal range · dans la plage normale
2480657B52907018957478,Ketu North,2304.61,115618,422.91,Volta Region,329.027,0.210447,1975.58,0.241451,0.210447,0.238371,0.163045,0.301759,0.000357694,10,0.267791,True,0.267791,within normal range · dans la plage normale
2480657B89256099008264,Mpohor,861.619,40843.3,524.153,Western Region,85.428,0.180112,776.191,0.292778,0.180112,0.206251,0.134771,0.34851,2.97619e-05,10,-0.170785,True,-0.170785,within normal range · dans la plage normale
2480657B13145859726554,Wassa Amenfi West,1195.17,68026,1444.74,Western Region,161.067,0.173391,1034.1,0.249435,0.173391,0.201801,0.159626,0.27635,2.97619e-05,10,-0.267946,True,-0.267946,within normal range · dans la plage normale
2480657B7709388821831,Ketu South,3424.35,164877,272.847,Volta Region,855.434,0.128323,2568.91,0.166628,0.128323,0.148714,0.126793,0.178882,5.51146e-06,10,-0.919536,True,-0.919536,within normal range · dans la plage normale
2480657B10255028610816,Wassa Amenfi Central,893.723,91336.6,1848.89,Western Region,70.7561,0.246939,822.967,0.325507,0.246939,0.237088,0.16075,0.344289,5.51146e-06,10,0.79539,True,0.79539,within normal range · dans la plage normale
2480657B20833842549797,Keta Municipal,1686.36,90706.5,515.472,Volta Region,318.118,0.176984,1368.24,0.203607,0.176984,0.176984,0.116809,0.265331,0.00011519,10,-0.216003,True,-0.216003,within normal range · dans la plage normale
2480657B29295475961782,Kadjebi,895.662,60583.5,687.531,Oti Region,134.62,0.20296,761.041,0.234378,0.20296,0.2191,0.173274,0.284057,5.51146e-06,10,0.159544,True,0.159544,within normal range · dans la plage normale
2480657B5340678211162,Mfantseman Municipal,2561.97,155109,299.955,Central Region,546.105,0.164097,2015.86,0.187377,0.164097,0.164097,0.12162,0.219276,2.97619e-05,10,-0.402318,True,-0.402318,within normal range · dans la plage normale
2480657B92948775681515,South Tongu,2808.77,121070,643.381,Volta Region,485.425,0.135508,2323.35,0.215376,0.135508,0.155407,0.109256,0.221366,2.97619e-05,10,-0.815658,True,-0.815658,within normal range · dans la plage normale
2480657B22323593180175,Ekumfi,1474.58,98559.1,276.707,Central Region,169.464,0.207955,1305.11,0.271742,0.207955,0.207777,0.154568,0.297118,5.51146e-06,10,0.231775,True,0.231775,within normal range · dans la plage normale
2480657B44541331554905,Twifo Hemang Lower Denkyira,839.566,48077.5,575.054,Central Region,152.934,0.176325,686.631,0.208293,0.176325,0.189973,0.11734,0.268883,0.00011519,10,-0.225539,True,-0.225539,within normal range · dans la plage normale
2480657B79217814678772,Jasikan,970.221,45941.1,555.573,Oti Region,139.124,0.168411,831.097,0.240848,0.168411,0.197193,0.141738,0.287867,5.51146e-06,10,-0.339954,True,-0.339954,within normal range · dans la plage normale
2480657B2289284937660,Twifo Atti-morkwa,1039.61,77218,956.314,Central Region,162.173,0.230365,877.437,0.229291,0.230365,0.20793,0.13824,0.308173,2.97619e-05,10,0.555768,True,0.555768,within normal range · dans la plage normale
2480657B4921606442052,Krachi East Municipal,1024.07,165110,2759.28,Oti Region,58.5107,0.362968,965.562,0.374427,0.362968,0.379356,0.289873,0.46461,5.51146e-07,10,2.47293,True,2.47293,within normal range · dans la plage normale
2480657B19246099956301,Awutu Senya,3497.36,115365,245.15,Central Region,529.814,0.259148,2967.54,0.233299,0.259148,0.236915,0.220726,0.267489,5.51146e-06,10,0.971914,True,0.971914,within normal range · dans la plage normale
2480657B13680530894334,Nkwanta South Municipal,1078.59,146486,2730.02,Oti Region,120.977,0.282594,957.612,0.275183,0.282594,0.276097,0.205056,0.35344,5.51146e-06,10,1.31089,True,1.31089,within normal range · dans la plage normale
2480657B20036139360918,Awutu Senya East,5488.17,128655,107.032,Central Region,1561.77,0.165795,3926.39,0.149861,0.165795,0.15784,0.137234,0.176486,5.51146e-07,10,-0.377776,True,-0.377776,within normal range · dans la plage normale
2480657B27047738560833,Afigya Kwabre South,5892.15,175148,222.641,Ashanti Region,824.906,0.19354,5067.24,0.244155,0.19354,0.201457,0.185269,0.236327,5.51146e-07,10,0.0233636,True,0.0233636,within normal range · dans la plage normale
2480657B60779202001283,La-nkwantanang-madina,9400.44,148682,70.4177,Greater Accra Region,2041.19,0.156646,7359.25,0.184939,0.156646,0.157625,0.139117,0.192305,5.51146e-07,10,-0.510056,True,-0.510056,within normal range · dans la plage normale
2480657B14749544754301,Atwima Kwanwoma,7755.28,131284,250.879,Ashanti Region,1228.98,0.206012,6526.3,0.227141,0.206012,0.209012,0.193847,0.23391,5.51146e-07,10,0.203678,True,0.203678,within normal range · dans la plage normale
2480657B66267254954762,Sekyere South,1888.79,200413,417.049,Ashanti Region,142.271,0.244636,1746.52,0.332862,0.244636,0.253232,0.231831,0.330445,5.51146e-07,10,0.762095,True,0.762095,within normal range · dans la plage normale
2480657B24635332146555,Ga East,13041.2,233827,85.9906,Greater Accra Region,2721.61,0.156257,10319.6,0.190174,0.156257,0.156257,0.142229,0.205866,5.51146e-07,10,-0.515675,True,-0.515675,within normal range · dans la plage normale
2480657B22724340600972,Ayawaso West,6046.33,367731,32.6208,Greater Accra Region,2129.83,0.108289,3916.51,0.122922,0.108289,0.107623,0.0903409,0.126991,5.51146e-07,10,-1.20919,True,-1.20919,within normal range · dans la plage normale
2480657B61321065662810,Sekyere East,1392.41,33976.5,241.902,Ashanti Region,229.731,0.158233,1162.67,0.221658,0.158233,0.164251,0.145521,0.221658,5.51146e-07,10,-0.487103,True,-0.487103,within normal range · dans la plage normale
2480657B41485746076017,Ga South Municipal,3675.67,83540.4,178.413,Greater Accra Region,212.969,0.380691,3462.7,0.372292,0.380691,0.377971,0.315031,0.443278,5.51146e-07,10,2.72916,True,2.72916,significant gain · hausse significative
2480657B90617621807510,Ga West Municipal,11258.9,176823,176.178,Greater Accra Region,1605.16,0.224579,9653.75,0.241645,0.224579,0.224579,0.198219,0.260473,5.51146e-07,10,0.472111,True,0.472111,within normal range · dans la plage normale
2480657B47319682331963,Sekyere Central,1283.36,78942.1,1630.4,Ashanti Region,122.85,0.217605,1160.51,0.297834,0.217605,0.218332,0.183225,0.297834,5.51146e-07,10,0.371284,True,0.371284,within normal range · dans la plage normale
2480657B96936068561499,Ga Central Municipal,6231.41,127046,48.9327,Greater Accra Region,1436.65,0.146523,4794.76,0.177074,0.146523,0.146523,0.137187,0.188095,5.51146e-07,10,-0.656412,True,-0.656412,within normal range · dans la plage normale
2480657B15542052325310,Offinso North,829.056,53420,945.837,Ashanti Region,169.51,0.22883,659.546,0.192885,0.22883,0.20079,0.155218,0.22973,5.51146e-06,10,0.533577,True,0.533577,within normal range · dans la plage normale
2480657B78422611914106,Krachi West,512.755,62491.3,927.506,Oti Region,70.6166,0.215138,442.139,0.246428,0.215138,0.226687,0.153914,0.278516,2.97619e-05,10,0.335616,True,0.335616,within normal range · dans la plage normale
2480657B80894926360364,Offinso Municipal,1690.35,80674.7,587.757,Ashanti Region,309.747,0.186412,1380.6,0.207496,0.186412,0.199508,0.175756,0.221318,5.51146e-07,10,-0.0796913,True,-0.0796913,within normal range · dans la plage normale
2480657B43720081643569,Obuasi Municipal,3377.12,118227,145.41,Ashanti Region,1725.34,0.0960291,1651.77,0.0774767,0.0960291,0.0942767,0.0568016,0.120048,0.00011519,10,-1.38644,True,-1.38644,within normal range · dans la plage normale
2480657B73751367479109,Krachi Nchumuru,441.017,110097,1195.34,Oti Region,11.4897,0.373727,429.527,0.499741,0.373727,0.320236,0.222686,0.478217,5.51146e-06,10,2.62847,False,,low initial base · base initiale trop faible
2480657B60556198830817,Kwabre East,6530.08,58384.6,123.539,Ashanti Region,974.479,0.185263,5555.6,0.235361,0.185263,0.19107,0.17877,0.233972,5.51146e-07,10,-0.0963026,True,-0.0963026,within normal range · dans la plage normale
2480657B11620193732867,Agotime Ziope,740.567,27987.1,315.084,Volta Region,150.468,0.126136,590.099,0.193719,0.126136,0.151452,0.109217,0.197968,5.51146e-06,10,-0.951155,True,-0.951155,within normal range · dans la plage normale
2480657B20696154785284,Adaklu,1015.23,53050,799.273,Volta Region,146.835,0.178989,868.397,0.239664,0.178989,0.183436,0.142516,0.257097,5.51146e-07,10,-0.187023,True,-0.187023,within normal range · dans la plage normale
2480657B28564915274944,Ejura-sekyedumase,1678.42,91639.3,1341.89,Ashanti Region,382.912,0.162646,1295.51,0.17845,0.162646,0.155238,0.12561,0.21233,5.51146e-06,10,-0.423303,True,-0.423303,within normal range · dans la plage normale
2480657B44972771575405,Atwima Nwabiagya South,7071.98,170923,365.743,Ashanti Region,1417.57,0.177057,5654.41,0.195515,0.177057,0.175569,0.158235,0.199359,5.51146e-07,10,-0.214957,True,-0.214957,within normal range · dans la plage normale
2480657B79730913179219,Akatsi South,1815.39,128982,535.523,Volta Region,358.341,0.13732,1457.05,0.197559,0.13732,0.143431,0.116705,0.197559,5.51146e-07,10,-0.789458,True,-0.789458,within normal range · dans la plage normale
2480657B25907117051030,Atwima Mponua,1254.51,156306,1883.96,Ashanti Region,277.452,0.17649,977.059,0.182523,0.17649,0.184414,0.13553,0.21861,0.00011519,10,-0.223143,True,-0.223143,within normal range · dans la plage normale
2480657B78562505377679,Akatsi North,512.774,43042.5,313.469,Volta Region,87.4662,0.138768,425.308,0.217147,0.138768,0.143868,0.0959068,0.240679,0.000357694,10,-0.768526,True,-0.768526,within normal range · dans la plage normale
2480657B35240131522033,Ho Municipal,4792.82,256575,572.709,Volta Region,1451.63,0.125892,3341.18,0.141924,0.125892,0.136679,0.120182,0.15962,5.51146e-07,10,-0.954683,True,-0.954683,within normal range · dans la plage normale
2480657B97463209696641,Adansi South,713.212,68190,762.127,Ashanti Region,138.545,0.254199,574.667,0.199692,0.254199,0.230584,0.129435,0.33257,0.00914848,10,0.900355,True,0.900355,within normal range · dans la plage normale
2480657B20464126159243,Hohoe Municipal,3410.62,252997,684.223,Volta Region,441.562,0.260836,2969.06,0.255015,0.260836,0.272406,0.2286,0.349215,5.51146e-07,10,0.996307,True,0.996307,within normal range · dans la plage normale
2480657B45906044715427,Adansi Asokwa,577.017,58151,594.748,Ashanti Region,116.415,0.245701,460.602,0.194654,0.245701,0.208899,0.101077,0.294696,0.00221285,10,0.777496,True,0.777496,within normal range · dans la plage normale
2480657B47242267083805,Ho West,1720.26,149092,1002.84,Volta Region,330.947,0.170386,1389.32,0.200984,0.170386,0.182575,0.140014,0.2331,5.51146e-06,10,-0.311404,True,-0.311404,within normal range · dans la plage normale
2480657B30283206314404,Bosome Freho,732.171,63026.1,571.633,Ashanti Region,121.36,0.27054,610.811,0.22103,0.27054,0.22103,0.153224,0.27054,5.51146e-06,10,1.13662,True,1.13662,within normal range · dans la plage normale
2480657B45105521184723,Afadzato South,2173.17,184287,554.186,Volta Region,205.175,0.263274,1967.99,0.299827,0.263274,0.27154,0.22199,0.33362,5.51146e-07,10,1.03157,True,1.03157,within normal range · dans la plage normale
2480657B91945870955547,Ahafo Ano South East,1027.99,70794.5,688.294,Ashanti Region,160.888,0.233143,867.103,0.228843,0.233143,0.225161,0.183895,0.244938,5.51146e-06,10,0.595939,True,0.595939,within normal range · dans la plage normale
2480657B8553529614763,North Dayi,1317.08,53852.5,460.338,Volta Region,159.816,0.159939,1157.27,0.264087,0.159939,0.21248,0.145434,0.263688,5.51146e-06,10,-0.462441,True,-0.462441,within normal range · dans la plage normale
2480657B55478680834493,Bekwai Municipal,3542.18,167708,534.482,Ashanti Region,410.203,0.217858,3131.97,0.270662,0.217858,0.23101,0.195404,0.295272,5.51146e-07,10,0.374949,True,0.374949,within normal range · dans la plage normale
2480657B39800519073464,Kpando Municipal,2031.45,64987,314.003,Volta Region,518.407,0.136913,1513.05,0.163869,0.136913,0.155762,0.124422,0.172415,5.51146e-06,10,-0.795351,True,-0.795351,within normal range · dans la plage normale
2480657B90441463194933,Bosomtwe,5315.9,134849,422.351,Ashanti Region,743.468,0.215414,4572.43,0.244296,0.215414,0.224595,0.202252,0.256442,5.51146e-07,10,0.339603,True,0.339603,within normal range · dans la plage normale
2480657B35012095074914,North Tongu,1878.99,93446.2,1130.01,Volta Region,216.088,0.187243,1662.9,0.271645,0.187243,0.194177,0.120099,0.346112,0.00011519,10,-0.0676861,True,-0.0676861,within normal range · dans la plage normale
2480657B36678414015123,Central Tongu,1458.8,75969.4,683.867,Volta Region,181.218,0.193673,1277.58,0.260793,0.193673,0.216217,0.150704,0.319933,0.000357694,10,0.0252785,True,0.0252785,within normal range · dans la plage normale
2480657B66784074859314,Mampong Municipal,1993.55,99471.9,669.69,Ashanti Region,233.551,0.204209,1759.99,0.269029,0.204209,0.206953,0.180402,0.269029,5.51146e-06,10,0.17761,True,0.17761,within normal range · dans la plage normale
2480657B3117094904377,Ajumako-enyan-essiam,2316.59,207014,521.13,Central Region,340.927,0.168948,1975.66,0.237272,0.168948,0.196848,0.140426,0.258056,0.000357694,10,-0.332188,True,-0.332188,within normal range · dans la plage normale
2480657B81635079362570,Gomoa West,1271.61,98755.7,337.712,Central Region,221.606,0.192338,1050.01,0.21425,0.192338,0.202238,0.133892,0.25127,0.00011519,10,0.00597305,True,0.00597305,within normal range · dans la plage normale
2480657B39435178884870,Agona West Municipal,1963.59,157432,358.343,Central Region,507.376,0.146495,1456.22,0.162258,0.146495,0.153438,0.128381,0.184199,2.97619e-05,10,-0.65681,True,-0.65681,within normal range · dans la plage normale
2480657B54607197552612,Agona East,1814.24,116009,326.207,Central Region,321.52,0.197269,1492.72,0.211989,0.197269,0.198207,0.1682,0.227303,2.97619e-05,10,0.0772773,True,0.0772773,within normal range · dans la plage normale
2480657B44214183650816,Assin North,1094.57,131626,724.809,Central Region,86.8552,0.338009,1007.71,0.325171,0.338009,0.339249,0.255585,0.459389,0.00011519,10,2.11207,True,2.11207,within normal range · dans la plage normale
2480657B73071492710762,Assin South,1078.72,148122,1099.91,Central Region,190.045,0.211912,888.678,0.212785,0.211912,0.204982,0.137591,0.250554,5.51146e-06,10,0.288981,True,0.288981,within normal range · dans la plage normale
2480657B2595733520620,Asikuma-odoben-brakwa,1444.96,140063,775.242,Central Region,432.747,0.0857691,1012.21,0.143352,0.0857691,0.115905,0.0764112,0.171182,0.000946318,10,-1.53478,True,-1.53478,within normal range · dans la plage normale
2480657B83789922051105,Effutu Municipal,1841.63,97184.1,85.7903,Central Region,500,0.184149,1341.63,0.155885,0.184149,0.171775,0.131832,0.204287,5.51146e-06,10,-0.11242,True,-0.11242,within normal range · dans la plage normale
2480657B26264719340764,Gomoa East,11182,360756,539.378,Central Region,2314.72,0.209372,8867.3,0.191249,0.209372,0.197924,0.182564,0.220764,5.51146e-07,10,0.252253,True,0.252253,within normal range · dans la plage normale
2480657B30493820921,Abura-asebu-kwamankese,2024.83,151974,378.08,Central Region,538.416,0.139872,1486.41,0.158561,0.139872,0.146802,0.104426,0.196504,0.00011519,10,-0.75256,True,-0.75256,within normal range · dans la plage normale
2480657B70421803893954,Jomoro,1704.61,199421,1494.53,Western Region,411.993,0.14365,1292.62,0.170917,0.14365,0.158852,0.0926963,0.21568,0.000357694,10,-0.697936,True,-0.697936,within normal range · dans la plage normale
2480657B39512912083476,Ellembelle,2349.81,93028.8,995.769,Western Region,959.424,0.0920385,1390.39,0.10465,0.0920385,0.085819,0.0590883,0.129312,0.000357694,10,-1.44413,True,-1.44413,within normal range · dans la plage normale
2480657B85939384202988,Dormaa Municipal,1575.34,159833,1209.62,Bono Region,209.175,0.262701,1366.16,0.251495,0.262701,0.263377,0.18722,0.342301,5.51146e-06,10,1.02328,True,1.02328,within normal range · dans la plage normale
2480657B11503231198633,Dormaa West,328.191,52301.6,380.325,Bono Region,28.3172,0.259869,299.874,0.312897,0.259869,0.267167,0.184435,0.411831,2.97619e-05,10,0.982331,False,,low initial base · base initiale trop faible
2480657B27045720373273,Nadowli-kaleo,1343.52,59340.7,1130.04,Upper West Region,171.727,0.189935,1171.79,0.256803,0.189935,0.189935,0.114908,0.27175,0.00011519,10,-0.0287601,True,-0.0287601,within normal range · dans la plage normale
2480657B71205229821948,Prestea/huni Valley,3922.27,176711,1809.52,Western Region,1005.03,0.137205,2917.24,0.163339,0.137205,0.143448,0.108024,0.164337,5.51146e-06,10,-0.791118,True,-0.791118,within normal range · dans la plage normale
2480657B81057694902297,Ahanta West Municipal,2969.85,129008,556.237,Western Region,797.602,0.136842,2172.25,0.157281,0.136842,0.132748,0.105778,0.163074,5.51146e-06,10,-0.796375,True,-0.796375,within normal range · dans la plage normale
2480657B92911606303429,Daffiama Bussie Issa,657.278,48819,1455.52,Upper West Region,42.2518,0.1618,615.027,0.356544,0.1618,0.1618,0.0790487,0.353871,0.000946318,10,-0.435535,False,,low initial base · base initiale trop faible
2480657B37092877755739,Nzema East,1003.13,57344.9,1080.14,Western Region,138.579,0.150809,864.548,0.245998,0.150809,0.150809,0.102234,0.245998,0.00011519,10,-0.594439,True,-0.594439,within normal range · dans la plage normale
2480657B49975124320145,Lawra,1091.54,64003.7,526.902,Upper West Region,139.881,0.207632,951.664,0.256442,0.207632,0.22041,0.142929,0.302982,0.000946318,10,0.227099,True,0.227099,within normal range · dans la plage normale
2480657B7958262081913,Nandom,959.743,55264.6,405.093,Upper West Region,98.4535,0.152488,861.289,0.287895,0.152488,0.16548,0.135905,0.211686,5.51146e-06,10,-0.570165,True,-0.570165,within normal range · dans la plage normale
2480657B19905724513669,Tarkwa Nsuaem,6708.95,90762.1,905.942,Western Region,1910.06,0.150034,4798.89,0.149802,0.150034,0.148269,0.131928,0.154912,5.51146e-07,10,-0.605646,True,-0.605646,within normal range · dans la plage normale
2480657B26285365473669,Talensi,1927.36,87708.3,839.002,Upper East Region,173.839,0.292983,1753.52,0.306444,0.292983,0.292983,0.25292,0.344025,5.51146e-06,10,1.46109,True,1.46109,within normal range · dans la plage normale
2480657B96818528094138,Sefwi Akontombra,426.704,101175,1120.55,Western North Region,37.2912,0.222036,389.413,0.311032,0.222036,0.205869,0.0809623,0.397613,0.00221285,10,0.43535,False,,low initial base · base initiale trop faible
2480657B49181902253284,Effia Kwesimintsim Municipal,4056.16,330177,105.143,Western Region,1112.46,0.122625,2943.69,0.154584,0.122625,0.122625,0.104817,0.173716,5.51146e-06,10,-1.00192,True,-1.00192,within normal range · dans la plage normale
2480657B74414618551217,Nabdam,420.89,30618.2,245.119,Upper East Region,83.3279,0.142633,337.562,0.197162,0.142633,0.173574,0.11441,0.259222,0.000946318,10,-0.712646,True,-0.712646,within normal range · dans la plage normale
2480657B50810028950834,Builsa South,491.182,58592.4,1240.95,Upper East Region,43.4131,0.288067,447.769,0.30939,0.288067,0.247648,0.163713,0.35438,2.97619e-05,10,1.39002,False,,low initial base · base initiale trop faible
2480657B79468660523811,Builsa North,899.72,57254.7,817.657,Upper East Region,81.8244,0.245054,817.895,0.305244,0.245054,0.250433,0.198197,0.322968,2.97619e-05,10,0.768138,True,0.768138,within normal range · dans la plage normale
2480657B66646573774103,Binduri,747.286,77409.7,391.789,Upper East Region,41.8356,0.319615,705.45,0.377541,0.319615,0.286057,0.15225,0.448095,0.000357694,10,1.84613,False,,low initial base · base initiale trop faible
2480657B9973692574538,Pusiga,967.184,55633.1,255.405,Upper East Region,142.687,0.155775,824.497,0.236936,0.155775,0.181486,0.1394,0.265287,0.00011519,10,-0.522646,True,-0.522646,within normal range · dans la plage normale
2480657B67017614982997,Bawku Municipal,1202.38,80064.5,247.626,Upper East Region,428.261,0.10854,774.114,0.12154,0.10854,0.115842,0.0985642,0.149339,2.97619e-05,10,-1.20555,True,-1.20555,within normal range · dans la plage normale
2480657B69696031481498,North Gonja,661.62,48038.6,4844.51,Savannah Region,70.2285,0.270348,591.391,0.283018,0.270348,0.259071,0.166336,0.296116,5.51146e-06,10,1.13383,True,1.13383,within normal range · dans la plage normale
2480657B54445116346139,West Gonja,1220.66,66766.5,4716.24,Savannah Region,341.464,0.0926403,879.199,0.152053,0.0926403,0.126805,0.0926403,0.162657,5.51146e-07,10,-1.43543,True,-1.43543,within normal range · dans la plage normale
2480657B42193515445029,Mion,752.698,161809,2714.32,Northern Region,53.0075,0.259381,699.691,0.342862,0.259381,0.267535,0.16167,0.395368,0.00011519,10,0.975275,False,,low initial base · base initiale trop faible
2480657B94460481801793,Yendi Municipal,2049.82,143176,1445.22,Northern Region,236.062,0.226341,1813.76,0.271449,0.226341,0.232278,0.174711,0.269272,5.51146e-07,10,0.497593,True,0.497593,within normal range · dans la plage normale
2480657B36155100412367,Tolon,1585.31,51977.2,1354.26,Northern Region,203.509,0.191409,1381.8,0.2562,0.191409,0.191634,0.157709,0.271431,5.51146e-07,10,-0.00744868,True,-0.00744868,within normal range · dans la plage normale
2480657B99246651758289,Kumbungu,1334.63,45332.7,1538.73,Northern Region,225.007,0.149455,1109.63,0.21873,0.149455,0.164768,0.124059,0.21873,5.51146e-06,10,-0.614013,True,-0.614013,within normal range · dans la plage normale
2480657B90334619080238,West Mamprusi Municipal,2005.93,180284,2610.64,North East Region,134.97,0.303548,1870.96,0.34968,0.303548,0.320672,0.249007,0.454548,5.51146e-07,10,1.61383,True,1.61383,within normal range · dans la plage normale
2480657B18075285363234,Mamprugu Moagduri,766.879,68231.9,2120.36,North East Region,70.1041,0.193805,696.775,0.304496,0.193805,0.213866,0.162342,0.387104,0.000357694,10,0.0271869,True,0.0271869,within normal range · dans la plage normale
2480657B72410528378772,Zabzugu,783.017,117237,1100.86,Northern Region,70.8127,0.286198,712.205,0.306057,0.286198,0.285763,0.212318,0.355412,5.51146e-06,10,1.363,True,1.363,within normal range · dans la plage normale
2480657B76540044095481,Tatale Sanguli,580.47,74807.8,1089.31,Northern Region,33.4315,0.313448,547.039,0.373207,0.313448,0.312042,0.204951,0.399972,2.97619e-05,10,1.75697,False,,low initial base · base initiale trop faible
2480657B21050367867823,Sene East,376.538,89150.8,4391.54,Bono East Region,40.9265,0.291715,335.612,0.279645,0.291715,0.274434,0.184591,0.362901,0.000357694,10,1.44276,False,,low initial base · base initiale trop faible
2480657B81329004729189,Bibiani-anhwiaso-bekwai Municipal,2553,148501,832.558,Western North Region,674.062,0.132414,1878.93,0.159474,0.132414,0.15024,0.132227,0.172178,5.51146e-07,10,-0.860393,True,-0.860393,within normal range · dans la plage normale
2480657B37380438315906,Sene West,456.876,86112.5,3264.76,Bono East Region,79.4142,0.223805,377.462,0.2146,0.223805,0.214412,0.126714,0.267737,0.00011519,10,0.460927,True,0.460927,within normal range · dans la plage normale
2480657B45731574572143,Upper Denkyira East Municipal,1343.13,85873.3,500.231,Central Region,401.48,0.127251,941.647,0.143596,0.127251,0.131259,0.110132,0.144968,2.97619e-05,10,-0.935044,True,-0.935044,within normal range · dans la plage normale
2480657B98266466330064,Asutifi North,2008.78,77285.4,936.725,Ahafo Region,875.217,0.0755453,1133.56,0.0967074,0.0755453,0.089147,0.0766126,0.10516,2.97619e-05,10,-1.68259,True,-1.68259,within normal range · dans la plage normale
2480657B6504340506710,Ahafo Ano North,942.33,127830,593.879,Ashanti Region,232.573,0.175641,709.757,0.168197,0.175641,0.167956,0.105467,0.231097,0.00011519,10,-0.235427,True,-0.235427,within normal range · dans la plage normale
2480657B25462964367622,Amansie Central,1249.24,90807,850.702,Ashanti Region,216.818,0.206365,1032.43,0.214803,0.206365,0.214803,0.175199,0.247686,2.97619e-05,10,0.208778,True,0.208778,within normal range · dans la plage normale
2480657B59515552665793,Amansie West,2546.85,94384.9,636.124,Ashanti Region,126.96,0.289617,2419.89,0.395417,0.289617,0.310777,0.260881,0.399411,5.51146e-06,10,1.41243,True,1.41243,within normal range · dans la plage normale
2480657B57037677938762,Asutifi South,1351.87,56511.3,597.416,Ahafo Region,221.789,0.162485,1130.09,0.222424,0.162485,0.176966,0.136639,0.240157,5.51146e-06,10,-0.425623,True,-0.425623,within normal range · dans la plage normale
2480657B78695952433486,Techiman Municipal,4269.94,165903,649.185,Bono East Region,986.3,0.185585,3283.64,0.176827,0.185585,0.178593,0.162468,0.192588,5.51146e-07,10,-0.0916494,True,-0.0916494,within normal range · dans la plage normale
2480657B72362309510067,Upper Denkyira West,1804.96,80538.3,580.255,Central Region,635.509,0.117214,1169.45,0.122979,0.117214,0.114134,0.0864157,0.145957,2.97619e-05,10,-1.08015,True,-1.08015,within normal range · dans la plage normale
2480657B75157144819377,Techiman North,1261.92,74793.8,390.053,Bono East Region,203.734,0.201075,1058.19,0.224607,0.201075,0.212335,0.174427,0.242899,5.51146e-06,10,0.132303,True,0.132303,within normal range · dans la plage normale
2480657B31989943834082,Cape Coast Metropolitan,3788.51,249007,121.927,Central Region,1895.01,0.0804927,1893.5,0.0800122,0.0804927,0.0783474,0.0637958,0.094075,2.97619e-05,10,-1.61106,True,-1.61106,within normal range · dans la plage normale
2480657B89828953333594,Komenda-edina-eguafo-abirem Municipal,2447.37,183352,452.618,Central Region,742.581,0.123606,1704.79,0.141696,0.123606,0.125276,0.084387,0.162902,2.97619e-05,10,-0.987739,True,-0.987739,within normal range · dans la plage normale
2480657B21856882152043,Banda,580.091,48456.9,2298.98,Bono Region,249.179,0.0649382,330.912,0.0984395,0.0649382,0.0761641,0.0351955,0.111082,0.00221285,10,-1.83594,True,-1.83594,within normal range · dans la plage normale
2480657B7942392054994,Sefwi-wiawso,1645.64,162620,1010.98,Western North Region,340.183,0.179223,1305.46,0.191431,0.179223,0.192329,0.151513,0.259559,5.51146e-06,10,-0.183632,True,-0.183632,within normal range · dans la plage normale
2480657B44306962794399,Jaman North,1349.61,108220,1031.34,Bono Region,154.949,0.269955,1194.66,0.271882,0.269955,0.285007,0.226989,0.361975,5.51146e-07,10,1.12815,True,1.12815,within normal range · dans la plage normale
2480657B2337940648547,Asunafo South,680.266,127154,925.334,Ahafo Region,74.1133,0.187081,606.152,0.27931,0.187081,0.1935,0.123457,0.303263,2.97619e-05,10,-0.0700205,True,-0.0700205,within normal range · dans la plage normale
2480657B14065489870616,Tain,1131.05,83724.7,1828.51,Bono Region,117.75,0.239135,1013.3,0.285787,0.239135,0.232765,0.0973309,0.384474,0.00011519,10,0.68256,True,0.68256,within normal range · dans la plage normale
2480657B38880944597072,Nkoranza South,1516.36,129923,921.116,Bono East Region,305.507,0.175528,1210.86,0.194838,0.175528,0.179352,0.139534,0.227126,2.97619e-05,10,-0.237056,True,-0.237056,within normal range · dans la plage normale
2480657B32008532681061,Sekyere Kumawu,1364.11,43731.5,576.625,Ashanti Region,154.018,0.204245,1210.09,0.274245,0.204245,0.232171,0.187271,0.275132,5.51146e-07,10,0.178131,True,0.178131,within normal range · dans la plage normale
2480657B39398526932747,Bole,1629.35,102992,6170.14,Savannah Region,312.929,0.174985,1316.42,0.20121,0.174985,0.173866,0.11461,0.205676,0.00011519,10,-0.244906,True,-0.244906,within normal range · dans la plage normale
2480657B37542209080123,Sekyere Afram Plains North,331.523,65467.1,3524.65,Ashanti Region,13.5898,0.450461,317.933,0.426082,0.450461,0.450461,0.371284,0.505052,5.51146e-06,10,3.73788,False,,low initial base · base initiale trop faible
2480657B62831767110058,Asante Akim North,1141.08,96379.2,1127.26,Ashanti Region,172.051,0.222074,969.025,0.233944,0.222074,0.229782,0.203013,0.262939,5.51146e-06,10,0.435896,True,0.435896,within normal range · dans la plage normale
2480657B1767599566587,Asante Akim Central Municipal,1999.16,56968.5,299.232,Ashanti Region,431.989,0.179842,1567.17,0.185579,0.179842,0.183709,0.171318,0.203527,5.51146e-07,10,-0.174683,True,-0.174683,within normal range · dans la plage normale
2480657B78031413348906,Kintampo North Municipal,1476.12,120001,4890.94,Bono East Region,294.575,0.194146,1181.55,0.196106,0.194146,0.194146,0.152539,0.240422,5.51146e-06,10,0.0321239,True,0.0321239,within normal range · dans la plage normale
2480657B67032672358324,Asokore Mampong Municipal,2742.26,299070,24.1693,Ashanti Region,823.269,0.122858,1918.99,0.143044,0.122858,0.132117,0.113834,0.147486,5.51146e-07,10,-0.998551,True,-0.998551,within normal range · dans la plage normale
2480657B7685147466351,Atebubu Amantin,1203.07,163666,2620.28,Bono East Region,173.009,0.238682,1030.07,0.240454,0.238682,0.234991,0.203443,0.27443,5.51146e-06,10,0.676015,True,0.676015,within normal range · dans la plage normale
2480657B94630675221037,Kwadaso Municipal,7889.78,998247,65.6081,Ashanti Region,2636.71,0.122225,5253.06,0.129507,0.122225,0.12018,0.105466,0.132129,5.51146e-07,10,-1.0077,True,-1.0077,within normal range · dans la plage normale
2480657B93484130612637,Kpandai,525.704,93516.5,1134.71,Northern Region,44.2463,0.318165,481.457,0.316526,0.318165,0.304423,0.233397,0.408635,5.51146e-07,10,1.82516,False,,low initial base · base initiale trop faible
2480657B74771824828795,Ejisu Municipal,8587.04,174464,411.178,Ashanti Region,1562.14,0.197473,7024.9,0.20847,0.197473,0.198035,0.187225,0.220951,5.51146e-07,10,0.0802189,True,0.0802189,within normal range · dans la plage normale
2480657B6503151283934,Nkwanta North,528.838,93721.5,1098.86,Oti Region,72.2397,0.250744,456.598,0.247558,0.250744,0.246126,0.149496,0.31451,0.00221285,10,0.850408,True,0.850408,within normal range · dans la plage normale
2480657B27736636353654,Biakoye,1349.17,100562,1104.83,Oti Region,126.879,0.244785,1222.3,0.300395,0.244785,0.232115,0.199871,0.302359,5.51146e-07,10,0.764253,True,0.764253,within normal range · dans la plage normale
2480657B15365927336493,Wassa Amenfi East,2165.06,97736.3,1558.56,Western Region,340.53,0.189411,1824.53,0.228167,0.189411,0.209694,0.169671,0.247128,5.51146e-07,10,-0.0363422,True,-0.0363422,within normal range · dans la plage normale
2480657B60919857809422,Central Gonja,1419.98,101834,7557.38,Savannah Region,328.204,0.17031,1091.78,0.176744,0.17031,0.132748,0.101081,0.19042,5.51146e-07,10,-0.312497,True,-0.312497,within normal range · dans la plage normale
2480657B69717792501029,Tema West Municipal,7708.38,180772,44.7287,Greater Accra Region,2602.9,0.123149,5105.48,0.128209,0.123149,0.124616,0.106316,0.143023,5.51146e-06,10,-0.994343,True,-0.994343,within normal range · dans la plage normale
2480657B85535261310615,Ashaiman Municipal,2808.22,111186,18.2853,Greater Accra Region,1094.16,0.0962615,1714.06,0.11041,0.0962615,0.0772094,0.0640523,0.120492,2.97619e-05,10,-1.38308,True,-1.38308,within normal range · dans la plage normale
2480657B24672710685383,Pru East,1031.85,103781,1651.71,Bono East Region,75.5586,0.305753,956.29,0.337051,0.305753,0.302184,0.229396,0.392076,5.51146e-06,10,1.64571,True,1.64571,within normal range · dans la plage normale
2480657B63581433334614,Kpone Katamanso,21462.2,277546,238.674,Greater Accra Region,4993.98,0.171699,16468.3,0.175868,0.171699,0.172828,0.160505,0.18951,5.51146e-07,10,-0.292411,True,-0.292411,within normal range · dans la plage normale
2480657B27215926841583,Savelugu,1613.94,156047,1545.25,Northern Region,373.643,0.167231,1240.3,0.176531,0.167231,0.176288,0.129202,0.215763,5.51146e-06,10,-0.357006,True,-0.357006,within normal range · dans la plage normale
2480657B1027184338147,Tamale Metropolitan,9745.97,264036,647.319,Northern Region,2006.78,0.192816,7739.18,0.191951,0.192816,0.204093,0.18279,0.211239,5.51146e-07,10,0.0128856,True,0.0128856,within normal range · dans la plage normale
2480657B87566941811639,Sagnerigu,7719.17,207040,200.363,Northern Region,1634.43,0.180196,6084.74,0.18826,0.180196,0.185973,0.176472,0.193945,5.51146e-07,10,-0.169564,True,-0.169564,within normal range · dans la plage normale
2480657B76285553918092,Karaga,888.657,143183,3122.85,Northern Region,149.507,0.246492,739.15,0.219012,0.246492,0.254326,0.139878,0.344347,0.000357694,10,0.78893,True,0.78893,within normal range · dans la plage normale
2480657B30922977157044,North East Gonja,1139.65,201697,6086.24,Savannah Region,141.592,0.262099,998.059,0.260773,0.262099,0.27224,0.21139,0.327976,5.51146e-07,10,1.01457,True,1.01457,within normal range · dans la plage normale
2480657B27395942809935,South Dayi,931.102,56509.2,359.416,Volta Region,151.005,0.200329,780.096,0.223991,0.200329,0.222678,0.171025,0.271514,5.51146e-07,10,0.121514,True,0.121514,within normal range · dans la plage normale
2480657B5704764806917,Tempane,485.788,71839.7,384.04,Upper East Region,17.8714,0.3143,467.916,0.443329,0.3143,0.332359,0.222511,0.473931,2.97619e-05,10,1.76929,False,,low initial base · base initiale trop faible
2480657B19171272300465,Bolga  East,1372.73,33882,71.7151,Upper East Region,181.807,0.280351,1190.93,0.251851,0.280351,0.257367,0.232187,0.292461,5.51146e-07,10,1.27846,True,1.27846,within normal range · dans la plage normale
2480657B16330149254954,Yunyoo-nasuan,251.888,50685.4,488.688,North East Region,0,0.73401,251.888,,0.73401,0.386425,0.25979,0.881453,0.00242504,9,7.83739,False,,low initial base · base initiale trop faible
2480657B96271436146347,Nanton,822.159,58370.3,475.069,Northern Region,47.4452,0.343943,774.713,0.372905,0.343943,0.344313,0.246738,0.464752,5.51146e-06,10,2.19786,False,,low initial base · base initiale trop faible
2480657B24956698199939,Assin Fosu,1278.53,74337.5,279.948,Central Region,189.08,0.219591,1089.45,0.236601,0.219591,0.236409,0.205326,0.279452,5.51146e-06,10,0.400005,True,0.400005,within normal range · dans la plage normale
2480657B15531990631346,Gomoa Central,663.014,43290.9,121.397,Central Region,123.556,0.226034,539.458,0.205239,0.226034,0.213184,0.175782,0.249613,2.97619e-05,10,0.493146,True,0.493146,within normal range · dans la plage normale
2480657B32965552352903,Pru West,368.234,70450.2,1569.88,Bono East Region,0,0.444869,368.234,,0.444869,0.257327,0.105141,0.511685,0.00242504,9,3.65702,False,,low initial base · base initiale trop faible
2480657B54527757245703,Berekum West,660.557,69386.2,400.852,Bono Region,90.7123,0.27641,569.845,0.246823,0.27641,0.265223,0.184697,0.329189,5.51146e-07,10,1.22149,True,1.22149,within normal range · dans la plage normale
2480657B58897854519282,Ahafo Ano South West,269.071,38793.1,503.181,Ashanti Region,68.6393,0.177704,200.432,0.163916,0.177704,0.160142,0.129124,0.180725,5.51146e-06,10,-0.205591,True,-0.205591,within normal range · dans la plage normale
2480657B37143689168174,Amansie South,1429.87,76227.1,593.362,Ashanti Region,161.737,0.124802,1268.13,0.273988,0.124802,0.167423,0.119625,0.254727,2.97619e-05,10,-0.970442,True,-0.970442,within normal range · dans la plage normale
2480657B14484334363928,Atwima Nwabiagya North,1654.52,35597.4,212.275,Ashanti Region,253.686,0.198784,1400.84,0.231647,0.198784,0.200706,0.181774,0.234819,5.51146e-07,10,0.0991787,True,0.0991787,within normal range · dans la plage normale
2480657B88279606337785,Adansi Akrofuom,640.603,85932.9,567.99,Ashanti Region,110.983,0.232964,529.621,0.215046,0.232964,0.215046,0.176124,0.246317,5.51146e-06,10,0.593344,True,0.593344,within normal range · dans la plage normale
2480657B92670413622569,Adansi North,1266.36,62270.2,258.187,Ashanti Region,247.986,0.19405,1018.37,0.198619,0.19405,0.192455,0.173451,0.234361,5.51146e-06,10,0.0307357,True,0.0307357,within normal range · dans la plage normale
2480657B26017273678273,Obuasi East,896.229,29259,75.0521,Ashanti Region,272.064,0.130572,624.165,0.141636,0.130572,0.138027,0.127009,0.159944,5.51146e-06,10,-0.887016,True,-0.887016,within normal range · dans la plage normale
2480657B47912218033723,Afigya Kwabre North,439.498,104553,185.088,Ashanti Region,46.0732,0.298799,393.425,0.284796,0.298799,0.293915,0.21426,0.379394,5.51146e-07,10,1.54517,False,,low initial base · base initiale trop faible
2480657B53854728613413,Kumasi Metropolitan,3303.17,471035,21.4574,Ashanti Region,1429.49,0.103241,1873.68,0.0975306,0.103241,0.0971103,0.0851519,0.107885,5.51146e-07,10,-1.28217,True,-1.28217,within normal range · dans la plage normale
2480657B70835976798974,Oforikrom Municipal,4772.97,408394,44.3958,Ashanti Region,1566.76,0.142897,3206.21,0.131759,0.142897,0.137315,0.12347,0.153641,5.51146e-07,10,-0.708829,True,-0.708829,within normal range · dans la plage normale
2480657B91188187265148,Asokwa  Municipal,3065.62,424469,27.1324,Ashanti Region,963.19,0.13082,2102.43,0.13728,0.13082,0.130371,0.118378,0.142782,5.51146e-07,10,-0.883442,True,-0.883442,within normal range · dans la plage normale
2480657B10806173713075,Old Tafo Municipal,3601.12,412793,28.6069,Ashanti Region,1001.42,0.128645,2599.7,0.15281,0.128645,0.128645,0.11561,0.162455,5.51146e-07,10,-0.914883,True,-0.914883,within normal range · dans la plage normale
2480657B48966175900279,Suame Municipal,2813.83,389510,27.8671,Ashanti Region,804.317,0.128863,2009.51,0.149291,0.128863,0.128863,0.0981623,0.158477,5.51146e-07,10,-0.911736,True,-0.911736,within normal range · dans la plage normale
2480657B53382680619634,Juaben Municipal,1105.6,19324.2,170.4,Ashanti Region,72.3499,0.325002,1033.25,0.353859,0.325002,0.317504,0.284763,0.364429,5.51146e-07,10,1.92402,True,1.92402,within normal range · dans la plage normale
2480657B99533750399286,Ablekuma Central Municipal,2595.31,277460,13.841,Greater Accra Region,900.578,0.115641,1694.74,0.124797,0.115641,0.115641,0.0926788,0.144674,5.51146e-06,10,-1.10289,True,-1.10289,within normal range · dans la plage normale
2480657B35357833911053,Korle Klottey Municipal,2215.06,196753,10.3807,Greater Accra Region,1042.74,0.0914086,1172.32,0.0873182,0.0914086,0.0876614,0.0684276,0.111521,5.51146e-06,10,-1.45324,True,-1.45324,within normal range · dans la plage normale
2480657B23952932171735,Ablekuma North Municipal,5873.2,528346,29.658,Greater Accra Region,1947.55,0.114981,3925.65,0.130486,0.114981,0.115611,0.0992276,0.14519,5.51146e-06,10,-1.11243,True,-1.11243,within normal range · dans la plage normale
2480657B42813544323317,Ayawaso North Municipal,1043.67,86766,4.6957,Greater Accra Region,354.708,0.108394,688.957,0.127396,0.108394,0.11145,0.0876519,0.140539,5.51146e-06,10,-1.20766,True,-1.20766,within normal range · dans la plage normale
2480657B29980074443403,Ayawaso East Municipal,1335.93,108128,6.17864,Greater Accra Region,526.899,0.106999,809.031,0.108907,0.106999,0.106999,0.0740682,0.140158,5.51146e-06,10,-1.22784,True,-1.22784,within normal range · dans la plage normale
2480657B77934780741907,Okaikwei North Municipal,3625.62,259958,22.9833,Greater Accra Region,1162.94,0.110633,2462.69,0.13467,0.110633,0.110014,0.0951539,0.142045,5.51146e-06,10,-1.1753,True,-1.1753,within normal range · dans la plage normale
2480657B39319620746428,Ga North Municipal,10616.8,200282,123.295,Greater Accra Region,2047.52,0.181462,8569.3,0.200656,0.181462,0.181462,0.159944,0.214146,5.51146e-07,10,-0.151257,True,-0.151257,within normal range · dans la plage normale
2480657B6669757606157,Weija Gbawe Municipal,15516,482032,163.622,Greater Accra Region,4256.42,0.138424,11259.6,0.154556,0.138424,0.139763,0.126456,0.161614,5.51146e-07,10,-0.773501,True,-0.773501,within normal range · dans la plage normale
2480657B96734395613726,Krowor Municipal,3317.52,130238,18.0409,Greater Accra Region,1217.13,0.117454,2100.39,0.117858,0.117454,0.117858,0.104352,0.132953,5.51146e-06,10,-1.07667,True,-1.07667,within normal range · dans la plage normale
2480657B34044169329977,Tema Metropolitan,6654.23,179613,42.752,Greater Accra Region,3465.64,0.0689357,3188.6,0.0751757,0.0689357,0.0663779,0.0584431,0.0826613,2.97619e-05,10,-1.77815,True,-1.77815,within normal range · dans la plage normale
2480657B20562210440652,East Gonja Municipal,130.132,43560.4,2251.12,Savannah Region,0,0.826711,130.132,,0.826711,0.83586,0.395916,1.20292,4.96032e-05,9,9.17764,False,,low initial base · base initiale trop faible
2480657B12570528382412,Ablekuma West Municipal,1902.4,192011,13.1,Greater Accra Region,564.356,0.122912,1338.04,0.14456,0.122912,0.122912,0.0878517,0.160848,5.51146e-06,10,-0.997764,True,-0.997764,within normal range · dans la plage normale
2480657B92273702685271,Ayawaso Central Municipal,399.195,41433.8,1.73005,Greater Accra Region,136.467,0.114491,262.728,0.126666,0.114491,0.114491,0.0893424,0.160228,0.000162132,10,-1.11952,True,-1.11952,within normal range · dans la plage normale
2480657B11720749290533,Accra Metropolis,968.327,101151,5.19045,Greater Accra Region,416.517,0.104701,551.81,0.0982721,0.104701,0.10299,0.0815487,0.115325,5.51146e-06,10,-1.26106,True,-1.26106,within normal range · dans la plage normale
2480657B74011824532465,Anloga,720.775,76363.3,235.188,Volta Region,145.542,0.193363,575.232,0.194541,0.193363,0.193363,0.125159,0.249072,0.00011519,10,0.0207931,True,0.0207931,within normal range · dans la plage normale
2480657B3368374944964,Sekondi Takoradi Metropolis,4898.94,503308,86.0937,Western Region,1717.29,0.109241,3181.65,0.123529,0.109241,0.109528,0.0926769,0.145918,5.51146e-06,10,-1.19543,True,-1.19543,within normal range · dans la plage normale
2480657B68408124911047,Kwahu South,1671.77,86056.5,794.508,Eastern Region,252.377,0.203874,1419.4,0.233776,0.203874,0.19868,0.159935,0.245686,5.51146e-07,10,0.172765,True,0.172765,within normal range · dans la plage normale
2480657B68278489034036,Asene Akroso Manso,988,104607,418.97,Eastern Region,110.167,0.196974,877.834,0.276017,0.196974,0.221607,0.190078,0.29771,5.51146e-06,10,0.0730035,True,0.0730035,within normal range · dans la plage normale
2480657B72113427832631,Upper Manya,929.826,77726.6,859.058,Eastern Region,112.919,0.25499,816.907,0.263971,0.25499,0.24244,0.204518,0.31075,5.51146e-06,10,0.911795,True,0.911795,within normal range · dans la plage normale
2480657B77450065295387,Achiase,664.333,115174,412.833,Eastern Region,96.3052,0.213206,568.028,0.239347,0.213206,0.213206,0.171371,0.266883,2.97619e-05,10,0.307687,True,0.307687,within normal range · dans la plage normale
2480657B59311092791004,Okere,1689.03,84422.4,308.431,Eastern Region,271.508,0.251021,1417.52,0.225197,0.251021,0.219416,0.200046,0.264621,5.51146e-07,10,0.854403,True,0.854403,within normal range · dans la plage normale
2480657B63323125119927,Yilo Krobo,3026.6,88103.7,482.419,Eastern Region,422.832,0.233469,2603.77,0.244447,0.233469,0.227041,0.180814,0.258645,5.51146e-06,10,0.600647,True,0.600647,within normal range · dans la plage normale
2480657B65169023596143,Atiwa West,1256.82,106814,586.52,Eastern Region,84.4624,0.311471,1172.36,0.349864,0.311471,0.306407,0.236148,0.387914,5.51146e-07,10,1.72838,True,1.72838,within normal range · dans la plage normale
2480657B95199515281033,New Juaben North Municipal,1621.47,101752,105.18,Eastern Region,342.676,0.181014,1278.79,0.18851,0.181014,0.18851,0.166392,0.218283,5.51146e-07,10,-0.157737,True,-0.157737,within normal range · dans la plage normale
2480657B42231307300111,Fanteakwa North,749.314,86179.5,837.63,Eastern Region,106.553,0.203856,642.761,0.242001,0.203856,0.232173,0.17005,0.30938,0.000357694,10,0.172499,True,0.172499,within normal range · dans la plage normale
2480657B81401264659986,Birim North,1851.53,121530,566.142,Eastern Region,607.998,0.127576,1243.54,0.131714,0.127576,0.129761,0.109288,0.149555,5.51146e-06,10,-0.930343,True,-0.930343,within normal range · dans la plage normale
2480657B37277876999120,Asuogyaman,2943.31,123405,765.272,Eastern Region,1058.75,0.115992,1884.56,0.12031,0.115992,0.116985,0.0941736,0.1391,2.97619e-05,10,-1.09782,True,-1.09782,within normal range · dans la plage normale
2480657B54162505201867,Kwahu East,1154.78,74433,624.21,Eastern Region,175.008,0.20038,979.768,0.233243,0.20038,0.183904,0.149652,0.251308,5.51146e-07,10,0.122243,True,0.122243,within normal range · dans la plage normale
2480657B50723205918173,Kwahu West,1851.87,96125.2,401.415,Eastern Region,302.098,0.19118,1549.77,0.223195,0.19118,0.208958,0.162551,0.250989,5.51146e-07,10,-0.0107554,True,-0.0107554,within normal range · dans la plage normale
2480657B54302337253194,Lower Manya,2378.49,86978.5,304.154,Eastern Region,655.463,0.118455,1723.03,0.153971,0.118455,0.144017,0.0947816,0.156574,0.00011519,10,-1.06221,True,-1.06221,within normal range · dans la plage normale
2480657B74727980909537,Nsawam Adoagyiri,4246.85,67801.8,176.389,Eastern Region,557.755,0.240623,3689.1,0.253021,0.240623,0.23386,0.187535,0.295742,5.51146e-07,10,0.704082,True,0.704082,within normal range · dans la plage normale
2480657B26354408705676,Akwapem South,2790.31,59695.1,225.292,Eastern Region,401.007,0.210308,2389.31,0.240541,0.210308,0.216097,0.182292,0.261404,5.51146e-07,10,0.265788,True,0.265788,within normal range · dans la plage normale
2480657B53762921220630,Denkyembour,1499.3,92157.4,435.852,Eastern Region,240.576,0.176146,1258.72,0.225442,0.176146,0.183689,0.135916,0.231429,5.51146e-06,10,-0.228114,True,-0.228114,within normal range · dans la plage normale
2480657B54074930978119,Kwaebibirem,1479.44,119598,804.793,Eastern Region,268.053,0.176183,1211.39,0.209013,0.176183,0.184318,0.143925,0.215275,5.51146e-06,10,-0.227583,True,-0.227583,within normal range · dans la plage normale
2480657B87039075961323,Kwahu Afram Plains South,662.879,206556,3098.88,Eastern Region,55.2929,0.152394,607.586,0.31784,0.152394,0.175921,0.139667,0.31784,2.97619e-05,10,-0.571521,False,,low initial base · base initiale trop faible
2480657B6837938265733,Kwahu Afram Plains North,432.19,144920,2340.28,Eastern Region,60.7187,0.270966,371.471,0.243672,0.270966,0.262011,0.16776,0.397136,0.000357694,10,1.14276,True,1.14276,within normal range · dans la plage normale
2480657B2570339807900,Suhum Municipal,2231.26,85023.3,360.048,Eastern Region,236.276,0.245377,1994.99,0.283358,0.245377,0.208236,0.175348,0.313026,5.51146e-06,10,0.772811,True,0.772811,within normal range · dans la plage normale
2480657B11085167902059,Ayensuano,1680.91,89859.3,498.429,Eastern Region,71.3914,0.361221,1609.52,0.420474,0.361221,0.34573,0.250872,0.471668,5.51146e-07,10,2.44766,True,2.44766,within normal range · dans la plage normale
2480657B6434141016984,Abuakwa South,1730.01,119982,348.366,Eastern Region,211.395,0.287365,1518.61,0.263104,0.287365,0.287365,0.179115,0.322744,5.51146e-06,10,1.37986,True,1.37986,within normal range · dans la plage normale
2480657B98999442599484,Upper West Akim,1638.9,115533,341.678,Eastern Region,86.0428,0.314064,1552.86,0.387408,0.314064,0.314064,0.229991,0.487892,2.97619e-05,10,1.76587,True,1.76587,within normal range · dans la plage normale
2480657B57614018833162,West Akim,1716.35,137049,475.483,Eastern Region,200.196,0.237503,1516.15,0.269648,0.237503,0.230632,0.196672,0.285502,5.51146e-07,10,0.658975,True,0.658975,within normal range · dans la plage normale
2480657B32538733435540,Akyem Mansa,808.837,127574,611.894,Eastern Region,49.8489,0.226624,758.989,0.36291,0.226624,0.204516,0.14121,0.389399,2.97619e-05,10,0.501676,False,,low initial base · base initiale trop faible
2480657B7526405183619,Atiwa East,1162.65,82370.3,580.415,Eastern Region,133.537,0.263712,1029.11,0.271825,0.263712,0.256379,0.200001,0.324576,5.51146e-07,10,1.0379,True,1.0379,within normal range · dans la plage normale
2480657B86034404720136,New Juaben South Municipal,3108.07,135983,54.3248,Eastern Region,1076.79,0.126541,2031.28,0.124996,0.126541,0.126541,0.117546,0.138771,5.51146e-07,10,-0.945308,True,-0.945308,within normal range · dans la plage normale
2480657B71012260699376,Birim South,1156.82,105547,311.484,Eastern Region,247.123,0.140181,909.7,0.18709,0.140181,0.153168,0.133077,0.193977,5.51146e-06,10,-0.748101,True,-0.748101,within normal range · dans la plage normale
2480657B42374646075926,Abuakwa North,1671.84,93327.8,158.976,Eastern Region,307.334,0.186237,1364.5,0.207067,0.186237,0.199946,0.148374,0.26177,5.51146e-06,10,-0.0822304,True,-0.0822304,within normal range · dans la plage normale
2480657B16553972090858,Akwapem North,3037.13,105183,305.275,Eastern Region,479.817,0.226726,2557.32,0.227561,0.226726,0.227984,0.185808,0.274503,5.51146e-07,10,0.50316,True,0.50316,within normal range · dans la plage normale
2480657B5172435396617,Fanteakwa South,969.208,48851.1,260.874,Eastern Region,132.82,0.216822,836.387,0.247113,0.216822,0.236203,0.179701,0.311648,5.51146e-06,10,0.359963,True,0.359963,within normal range · dans la plage normale
2480657B80684943588404,Birim Central Municipal,979.806,65576.7,105.462,Eastern Region,257.801,0.115064,722.005,0.159921,0.115064,0.1476,0.110115,0.162415,5.51146e-07,10,-1.11123,True,-1.11123,within normal range · dans la plage normale
