coverage,date,name,sol,month,year,expected,resid,z
1,2021-01-01,Ahafo Region,9102.6,1,2021,11163,-0.184572,-1.27425
1,2021-02-01,Ahafo Region,10897.7,2,2021,14130.6,-0.228783,-1.56807
0.900298,2021-04-01,Ahafo Region,11396,4,2021,15948,-0.285428,-1.94452
0.99909,2021-05-01,Ahafo Region,14373.7,5,2021,15524.8,-0.0741474,-0.540387
0.999902,2021-06-01,Ahafo Region,13740.6,6,2021,13667.3,0.00535957,-0.0119956
0.946756,2021-07-01,Ahafo Region,11342.5,7,2021,12237.8,-0.0731607,-0.533829
1,2021-08-01,Ahafo Region,13716.5,8,2021,12570.1,0.0911926,0.558438
0.971374,2021-09-01,Ahafo Region,9790,9,2021,14814.4,-0.339156,-2.3016
0.995409,2021-10-01,Ahafo Region,15655.3,10,2021,16060.9,-0.0252517,-0.215434
1,2021-11-01,Ahafo Region,12535.8,11,2021,17667.6,-0.290462,-1.97798
1,2021-12-01,Ahafo Region,10384.5,12,2021,14771.6,-0.296995,-2.0214
1,2022-01-01,Ahafo Region,11334,1,2022,10419.2,0.0877972,0.535872
1,2022-02-01,Ahafo Region,13740,2,2022,13183.1,0.0422445,0.233136
1,2022-03-01,Ahafo Region,10249.9,3,2022,15504.2,-0.338894,-2.29985
0.888653,2022-04-01,Ahafo Region,14764.9,4,2022,14825,-0.00405702,-0.0745768
0.998529,2022-05-01,Ahafo Region,16474.2,5,2022,14824.6,0.111271,0.691875
0.993794,2022-06-01,Ahafo Region,13366.4,6,2022,13792,-0.0308614,-0.252715
0.994387,2022-08-01,Ahafo Region,10742.2,8,2022,13561.6,-0.207894,-1.42925
0.935846,2022-09-01,Ahafo Region,13792.8,9,2022,13480.2,0.0231899,0.106502
1,2022-10-01,Ahafo Region,15935.3,10,2022,15967.5,-0.00201433,-0.0610014
1,2022-11-01,Ahafo Region,15601.9,11,2022,16645.6,-0.0626976,-0.464293
1,2022-12-01,Ahafo Region,12880.4,12,2022,13939.6,-0.0759836,-0.55259
1,2023-01-01,Ahafo Region,11125.1,1,2023,10488.8,0.0606605,0.355526
1,2023-02-01,Ahafo Region,13478.9,2,2023,13270.2,0.0157272,0.0569063
0.997719,2023-03-01,Ahafo Region,15699.4,3,2023,12779.5,0.228482,1.47084
1,2023-04-01,Ahafo Region,16681.8,4,2023,14186.1,0.175931,1.1216
1,2023-05-01,Ahafo Region,16605.7,5,2023,14780.8,0.123467,0.772928
1,2023-06-01,Ahafo Region,14781.1,6,2023,13320.5,0.109657,0.681149
0.996734,2023-07-01,Ahafo Region,11454.9,7,2023,12181.6,-0.0596596,-0.444103
0.998876,2023-08-01,Ahafo Region,11935.3,8,2023,13163.9,-0.0933241,-0.667833
0.960434,2023-09-01,Ahafo Region,14229.1,9,2023,13334.7,0.0670714,0.398132
0.962743,2023-10-01,Ahafo Region,16066.6,10,2023,15923.8,0.00896953,0.0119956
1,2023-11-01,Ahafo Region,16320.8,11,2023,16405.9,-0.0051868,-0.0820852
1,2023-12-01,Ahafo Region,12288.6,12,2023,14136.9,-0.130742,-0.916505
1,2024-01-01,Ahafo Region,11029.9,1,2024,10520.6,0.0484143,0.27414
1,2024-02-01,Ahafo Region,15172.8,2,2024,12705.5,0.194184,1.2429
1,2024-03-01,Ahafo Region,15309,3,2024,12974.6,0.17992,1.14811
1,2024-04-01,Ahafo Region,16397.3,4,2024,14280.9,0.148196,0.937275
1,2024-05-01,Ahafo Region,13494.5,5,2024,15817.9,-0.146882,-1.02377
0.980509,2024-06-04,Ahafo Region,12854.4,6,2024,13962.7,-0.079375,-0.575129
1,2024-07-01,Ahafo Region,13020.8,7,2024,11398.7,0.142304,0.898116
1,2024-08-01,Ahafo Region,15032.9,8,2024,12131.3,0.23918,1.54194
1,2024-09-01,Ahafo Region,16421.4,9,2024,12603.9,0.302875,1.96525
1,2024-10-01,Ahafo Region,16180.6,10,2024,15885.7,0.0185638,0.0757576
1,2024-11-01,Ahafo Region,21080,11,2024,14819.5,0.422449,2.75992
1,2024-12-01,Ahafo Region,19145.7,12,2024,11851.2,0.615512,4.04299
0.99999,2021-01-01,Ashanti Region,88675.7,1,2021,113729,-0.220292,-0.866158
1,2021-02-01,Ashanti Region,91236.4,2,2021,121821,-0.251063,-0.994253
0.992956,2021-04-01,Ashanti Region,97490.8,4,2021,140151,-0.304388,-1.21624
0.992763,2021-05-01,Ashanti Region,117060,5,2021,135639,-0.136977,-0.519327
0.999429,2021-06-01,Ashanti Region,98600.3,6,2021,117807,-0.163038,-0.627819
0.951251,2021-07-01,Ashanti Region,81477.4,7,2021,117518,-0.306679,-1.22578
0.985534,2021-08-01,Ashanti Region,124304,8,2021,99803.3,0.245494,1.07285
0.952506,2021-09-01,Ashanti Region,90960.4,9,2021,116882,-0.221775,-0.872332
0.996695,2021-10-01,Ashanti Region,109294,10,2021,132522,-0.175273,-0.678749
0.999481,2021-11-01,Ashanti Region,103995,11,2021,153892,-0.324235,-1.29886
1,2021-12-01,Ashanti Region,98320.6,12,2021,148835,-0.339398,-1.36198
1,2022-01-01,Ashanti Region,105018,1,2022,108282,-0.0301461,-0.0746051
1,2022-02-01,Ashanti Region,113363,2,2022,114446,-0.00945768,0.0115181
0.999869,2022-03-01,Ashanti Region,98943.9,3,2022,153162,-0.353992,-1.42274
0.902799,2022-04-01,Ashanti Region,123242,4,2022,131567,-0.0632815,-0.212544
0.999719,2022-05-01,Ashanti Region,120783,5,2022,134398,-0.1013,-0.370811
0.998332,2022-06-01,Ashanti Region,101306,6,2022,116905,-0.133433,-0.504574
0.972072,2022-08-01,Ashanti Region,96461.1,8,2022,109084,-0.115721,-0.430842
0.969288,2022-09-01,Ashanti Region,113170,9,2022,109479,0.0337192,0.191258
0.999016,2022-10-01,Ashanti Region,123438,10,2022,127807,-0.0341878,-0.0914301
0.999337,2022-11-01,Ashanti Region,127566,11,2022,146035,-0.126469,-0.475586
1,2022-12-01,Ashanti Region,121431,12,2022,141131,-0.139591,-0.530212
1,2023-01-01,Ashanti Region,115771,1,2023,104698,0.105767,0.491185
1,2023-02-01,Ashanti Region,113929,2,2023,114257,-0.0028691,0.0389455
0.999125,2023-03-01,Ashanti Region,144775,3,2023,130247,0.111541,0.51522
1,2023-04-01,Ashanti Region,150564,4,2023,122460,0.229491,1.00623
1,2023-05-01,Ashanti Region,156618,5,2023,122453,0.279006,1.21236
1,2023-06-01,Ashanti Region,126517,6,2023,108502,0.166034,0.742068
0.996266,2023-07-01,Ashanti Region,113160,7,2023,101676,0.112948,0.521075
0.966961,2023-08-01,Ashanti Region,91543.3,8,2023,110724,-0.173227,-0.670233
0.985327,2023-09-01,Ashanti Region,110484,9,2023,110374,0.000998059,0.0550439
0.902661,2023-10-01,Ashanti Region,114188,10,2023,130891,-0.127608,-0.480328
0.999879,2023-11-01,Ashanti Region,142579,11,2023,141031,0.0109773,0.0965861
1,2023-12-01,Ashanti Region,130229,12,2023,138199,-0.0576676,-0.189174
1,2024-01-01,Ashanti Region,120399,1,2024,103155,0.16717,0.746795
1,2024-02-01,Ashanti Region,138171,2,2024,106176,0.301338,1.30532
1,2024-03-01,Ashanti Region,161550,3,2024,121859,0.325707,1.40676
1,2024-04-01,Ashanti Region,146648,4,2024,123765,0.184887,0.820549
0.998448,2024-05-01,Ashanti Region,129516,5,2024,131487,-0.0149914,-0.0115181
0.88382,2024-06-04,Ashanti Region,125599,6,2024,108808,0.154319,0.693299
0.897945,2024-07-01,Ashanti Region,121875,7,2024,97318.9,0.252327,1.10129
1,2024-08-01,Ashanti Region,111405,8,2024,104103,0.0701477,0.342905
1,2024-09-01,Ashanti Region,126991,9,2024,104872,0.210923,0.928933
1,2024-10-01,Ashanti Region,159940,10,2024,115640,0.383082,1.64561
1,2024-11-01,Ashanti Region,191531,11,2024,124713,0.535773,2.28124
1,2024-12-01,Ashanti Region,194845,12,2024,116660,0.670192,2.84081
1,2021-01-01,Bono East Region,55517.1,1,2021,48309.4,0.149198,0.674491
1,2021-02-01,Bono East Region,34634.1,2,2021,48851.9,-0.291038,-1.47025
0.864231,2021-03-01,Bono East Region,29941.7,3,2021,39908,-0.249733,-1.26902
0.968032,2021-04-01,Bono East Region,32995.1,4,2021,47868.4,-0.310712,-1.5661
0.999754,2021-05-01,Bono East Region,46729.1,5,2021,44722.5,0.0448668,0.166208
0.982436,2021-06-01,Bono East Region,37619.7,6,2021,40015,-0.0598609,-0.344004
0.987213,2021-07-01,Bono East Region,31768.4,7,2021,36991.3,-0.141193,-0.740235
0.96151,2021-08-01,Bono East Region,42278.3,8,2021,40501.3,0.0438759,0.161381
0.95929,2021-09-01,Bono East Region,37697.9,9,2021,43717.1,-0.137686,-0.723151
0.98379,2021-10-01,Bono East Region,43763.3,10,2021,48000.3,-0.0882695,-0.482404
1,2021-11-01,Bono East Region,38144.2,11,2021,51171.9,-0.254586,-1.29267
1,2021-12-01,Bono East Region,31718.7,12,2021,54430.1,-0.417257,-2.08517
1,2022-01-01,Bono East Region,46189.6,1,2022,51418.6,-0.101695,-0.54781
1,2022-02-01,Bono East Region,47310,2,2022,44626.6,0.0601292,0.240564
1,2022-03-01,Bono East Region,29178.2,3,2022,40162.5,-0.273497,-1.38479
0.916112,2022-04-01,Bono East Region,41715.1,4,2022,44961.7,-0.0722085,-0.404159
0.995266,2022-05-01,Bono East Region,51028.7,5,2022,43289.3,0.178784,0.818624
0.987044,2022-06-01,Bono East Region,35991.9,6,2022,40557.6,-0.112573,-0.600806
0.992918,2022-08-01,Bono East Region,34144.7,8,2022,43212.5,-0.209841,-1.07468
0.97226,2022-09-01,Bono East Region,41303.9,9,2022,42515.1,-0.0284878,-0.19116
1,2022-10-01,Bono East Region,49080.3,10,2022,46228,0.061702,0.248226
1,2022-11-01,Bono East Region,41512,11,2022,50049.2,-0.170577,-0.883389
1,2022-12-01,Bono East Region,57545.5,12,2022,45821.2,0.255872,1.19418
1,2023-01-01,Bono East Region,48515.3,1,2023,50643.3,-0.0420186,-0.257079
1,2023-02-01,Bono East Region,43502.4,2,2023,45895.8,-0.0521472,-0.306424
0.99305,2023-03-01,Bono East Region,47273.5,3,2023,34130.7,0.385072,1.82362
0.999947,2023-04-01,Bono East Region,51130.2,4,2023,41823.3,0.22253,1.03175
0.988196,2023-05-01,Bono East Region,45587.8,5,2023,45102.9,0.0107504,0
0.999894,2023-06-01,Bono East Region,41483.5,6,2023,38727.1,0.071175,0.294376
0.994875,2023-07-01,Bono East Region,36348.4,7,2023,34701.3,0.0474632,0.178857
0.957403,2023-08-01,Bono East Region,40038.3,8,2023,41248,-0.0293265,-0.195246
0.996909,2023-09-01,Bono East Region,42655.2,9,2023,42064.7,0.0140397,0.0160249
0.947545,2023-10-01,Bono East Region,46643.5,10,2023,47040.3,-0.00843504,-0.0934674
1,2023-11-01,Bono East Region,49753.6,11,2023,47302.1,0.0518263,0.200114
1,2023-12-01,Bono East Region,35688.8,12,2023,53106.7,-0.32798,-1.65023
1,2024-01-01,Bono East Region,50223.3,1,2024,50074,0.00298118,-0.0378499
1,2024-02-01,Bono East Region,55743.2,2,2024,41815.5,0.333076,1.5703
1,2024-03-01,Bono East Region,43272.3,3,2024,35464.5,0.22016,1.0202
1,2024-04-01,Bono East Region,50759.8,4,2024,41946.8,0.210099,0.971185
0.999809,2024-05-01,Bono East Region,37551,5,2024,47781.9,-0.214116,-1.0955
0.979092,2024-06-04,Bono East Region,42569.7,6,2024,38365,0.109595,0.481552
0.859637,2024-07-01,Bono East Region,37634.3,7,2024,34058.4,0.104992,0.459127
1,2024-08-01,Bono East Region,47320.8,8,2024,38820.5,0.218966,1.01439
0.997302,2024-09-01,Bono East Region,47192.2,9,2024,40552.3,0.163734,0.745307
0.980352,2024-10-01,Bono East Region,48277.1,10,2024,46495.7,0.0383129,0.134279
1,2024-11-01,Bono East Region,62250,11,2024,43136.6,0.44309,2.10627
1,2024-12-01,Bono East Region,70056,12,2024,41651,0.681975,3.27007
1,2021-01-01,Bono Region,20897.3,1,2021,28544,-0.267892,-1.29948
1,2021-02-01,Bono Region,25422.1,2,2021,32617.4,-0.220597,-1.0675
0.999835,2021-05-01,Bono Region,31452.9,5,2021,35054.6,-0.102746,-0.489449
0.996972,2021-06-01,Bono Region,28693.8,6,2021,32578.2,-0.119233,-0.570314
0.96686,2021-07-01,Bono Region,20524.1,7,2021,22082.3,-0.0705647,-0.331602
0.999789,2021-08-01,Bono Region,30617.8,8,2021,29484,0.0384525,0.20312
0.887342,2021-09-01,Bono Region,24805.6,9,2021,32685,-0.241071,-1.16792
0.99484,2021-10-01,Bono Region,31837.5,10,2021,34671.7,-0.0817431,-0.386431
1,2021-11-01,Bono Region,28768.3,11,2021,38756.7,-0.257721,-1.24959
1,2021-12-01,Bono Region,24043.6,12,2021,35101.9,-0.315033,-1.5307
1,2022-01-01,Bono Region,26708.9,1,2022,26606.8,0.00383674,0.0333325
1,2022-02-01,Bono Region,33029.9,2,2022,30081.5,0.0980136,0.495264
1,2022-03-01,Bono Region,23438.9,3,2022,35609.4,-0.341777,-1.66188
0.997445,2022-05-01,Bono Region,38729.8,5,2022,32629,0.186976,0.931618
0.989412,2022-06-01,Bono Region,28461,6,2022,32655.8,-0.128456,-0.615553
0.881189,2022-07-01,Bono Region,11505.2,7,2022,25088.6,-0.541415,-2.64109
1,2022-08-01,Bono Region,25207.6,8,2022,31287.4,-0.194322,-0.938621
0.959826,2022-09-01,Bono Region,30306.9,9,2022,30851.3,-0.017645,-0.0720341
1,2022-10-01,Bono Region,36217.3,10,2022,33211.7,0.0904955,0.458387
1,2022-11-01,Bono Region,31699.3,11,2022,37779.7,-0.160946,-0.774913
1,2022-12-01,Bono Region,32135.5,12,2022,32404.6,-0.00830407,-0.0262174
1,2023-01-01,Bono Region,26425.5,1,2023,26701.3,-0.0103271,-0.0361404
1,2023-02-01,Bono Region,30391.8,2,2023,30960.8,-0.0183783,-0.0756306
0.997258,2023-03-01,Bono Region,35443.7,3,2023,29607,0.19714,0.98147
1,2023-04-01,Bono Region,38533.8,4,2023,40799.2,-0.055525,-0.257833
0.967241,2023-05-01,Bono Region,36522.2,5,2023,33364.9,0.0946296,0.478665
1,2023-06-01,Bono Region,33500.9,6,2023,30975.9,0.0815177,0.414352
1,2023-07-01,Bono Region,26156.3,7,2023,20204.9,0.294558,1.4593
1,2023-08-01,Bono Region,29701.3,8,2023,29789.5,-0.00295896,0
1,2023-09-01,Bono Region,32154.1,9,2023,30235.5,0.063455,0.325756
0.954391,2023-10-01,Bono Region,32576.2,10,2023,34425.4,-0.053715,-0.248955
1,2023-11-01,Bono Region,37703,11,2023,35778.5,0.0537907,0.278353
1,2023-12-01,Bono Region,28806.5,12,2023,33514.3,-0.140472,-0.674491
1,2024-01-01,Bono Region,32497.6,1,2024,24677.2,0.316907,1.56892
1,2024-02-01,Bono Region,34430.5,2,2024,29614.6,0.16262,0.812153
1,2024-03-01,Bono Region,35775.1,3,2024,29441.3,0.215131,1.06972
1,2024-04-01,Bono Region,40799.2,4,2024,38533.8,0.0587893,0.302871
0.998436,2024-05-01,Bono Region,29911.9,5,2024,35568.3,-0.15903,-0.765516
0.971017,2024-06-04,Bono Region,35772.7,6,2024,30218.6,0.183799,0.916034
1,2024-07-01,Bono Region,28585.3,7,2024,19395.2,0.473831,2.33862
1,2024-08-01,Bono Region,33543.1,8,2024,28508.9,0.176585,0.880649
1,2024-09-01,Bono Region,35594.1,9,2024,29088.9,0.223632,1.11141
0.990863,2024-10-01,Bono Region,35221.5,10,2024,33543.7,0.0500188,0.259852
1,2024-11-01,Bono Region,46867.9,11,2024,32723.5,0.432238,2.13461
1,2024-12-01,Bono Region,44363.7,12,2024,28328.6,0.566043,2.79091
1,2021-01-01,Central Region,40402.1,1,2021,47150.6,-0.143127,-0.703456
1,2021-02-01,Central Region,43186,2,2021,46988.3,-0.080921,-0.343462
0.994034,2021-03-01,Central Region,46064.5,3,2021,59337.5,-0.223686,-1.16967
1,2021-04-01,Central Region,49434.8,4,2021,62170.2,-0.204847,-1.06064
1,2021-05-01,Central Region,52131.2,5,2021,56578.7,-0.0786073,-0.330073
0.998918,2021-06-01,Central Region,52614.5,6,2021,52440.2,0.00332452,0.144079
0.967716,2021-07-01,Central Region,44219.8,7,2021,55457.9,-0.202642,-1.04788
0.999901,2021-08-01,Central Region,45661.2,8,2021,44252.7,0.0318299,0.309045
0.999688,2021-09-01,Central Region,43709.8,9,2021,56073.3,-0.220489,-1.15116
0.999975,2021-10-01,Central Region,54262.3,10,2021,62457.4,-0.13121,-0.634492
0.999951,2021-11-01,Central Region,49380.2,11,2021,68041.1,-0.274259,-1.46234
1,2021-12-01,Central Region,46993.1,12,2021,61656.8,-0.237828,-1.25151
1,2022-01-01,Central Region,42712.7,1,2022,46380.3,-0.0790764,-0.332787
1,2022-02-01,Central Region,47805.4,2,2022,45448.5,0.0518597,0.42496
1,2022-03-01,Central Region,49539.2,3,2022,58179.2,-0.148508,-0.734599
0.996574,2022-05-01,Central Region,54755.4,5,2022,55703.9,-0.0170284,0.026294
0.998053,2022-06-01,Central Region,47063.5,6,2022,54290.5,-0.133116,-0.645525
0.9971,2022-08-01,Central Region,38883.5,8,2022,46511.9,-0.164008,-0.824302
0.995728,2022-09-01,Central Region,49324.4,9,2022,54201.8,-0.0899864,-0.395925
0.999951,2022-10-01,Central Region,59217.6,10,2022,60805.6,-0.0261154,-0.026294
0.999901,2022-11-01,Central Region,59958.3,11,2022,64515.1,-0.070632,-0.283918
1,2022-12-01,Central Region,52854.5,12,2022,59703,-0.114708,-0.538995
1,2023-01-01,Central Region,47521,1,2023,44777.6,0.0612667,0.479399
1,2023-02-01,Central Region,43728.1,2,2023,46807.6,-0.0657892,-0.255892
0.999926,2023-03-01,Central Region,62762.7,3,2023,53771.4,0.167214,1.09254
0.996942,2023-04-01,Central Region,62140.6,4,2023,55817.3,0.113286,0.780442
0.978554,2023-05-01,Central Region,55333.1,5,2023,55511.4,-0.00321179,0.106253
1,2023-06-01,Central Region,58184.6,6,2023,50583.5,0.150269,0.994468
0.997423,2023-07-01,Central Region,53570.1,7,2023,50782.7,0.0548887,0.442489
0.984866,2023-08-01,Central Region,40564,8,2023,45951.7,-0.117248,-0.553691
0.999704,2023-09-01,Central Region,51699.3,9,2023,53410.2,-0.0320333,-0.0605417
0.999852,2023-10-01,Central Region,57598.9,10,2023,61345.2,-0.0610689,-0.228575
1,2023-11-01,Central Region,63926.9,11,2023,63192.2,0.0116266,0.192125
1,2023-12-01,Central Region,55276.1,12,2023,58895.8,-0.0614599,-0.230838
1,2024-01-01,Central Region,51218,1,2024,43545.3,0.176201,1.14454
1,2024-02-01,Central Region,49431.3,2,2024,44906.5,0.100761,0.70796
1,2024-03-01,Central Region,65710.5,3,2024,52788.8,0.244781,1.54143
1,2024-04-01,Central Region,62199.8,4,2024,55787.7,0.114937,0.790001
0.999876,2024-05-01,Central Region,59647.5,5,2024,54073.2,0.103089,0.72143
0.999239,2024-06-04,Central Region,52072.4,6,2024,52620.9,-0.0104235,0.0645175
0.990556,2024-07-01,Central Region,57345.7,7,2024,48895,0.172834,1.12506
1,2024-08-01,Central Region,53310.4,8,2024,41702.9,0.278338,1.73563
1,2024-09-01,Central Region,67196.3,9,2024,48244.5,0.39283,2.39821
1,2024-10-01,Central Region,70555.6,10,2024,57026.3,0.237246,1.49782
1,2024-11-01,Central Region,80238.2,11,2024,57755.1,0.389282,2.37767
1,2024-12-01,Central Region,76839.8,12,2024,51707.9,0.486036,2.9376
1,2021-01-01,Eastern Region,51763.1,1,2021,62787.7,-0.175585,-1.05367
1,2021-02-01,Eastern Region,56818.9,2,2021,65472.7,-0.132175,-0.786651
0.99954,2021-03-01,Eastern Region,59514.3,3,2021,77091,-0.227999,-1.37609
0.981449,2021-04-01,Eastern Region,65275.8,4,2021,79906.5,-0.183097,-1.09989
0.989074,2021-05-01,Eastern Region,71358.8,5,2021,79389.2,-0.101151,-0.59582
0.965609,2021-06-01,Eastern Region,69284,6,2021,66348.9,0.0442376,0.298496
0.950017,2021-07-01,Eastern Region,55138.8,7,2021,61177.6,-0.0987097,-0.580801
0.965912,2021-08-01,Eastern Region,62454.4,8,2021,57036.1,0.0949968,0.610726
0.967952,2021-09-01,Eastern Region,54717.6,9,2021,67475.4,-0.189073,-1.13664
0.996631,2021-10-01,Eastern Region,73833.2,10,2021,81531,-0.0944151,-0.554384
0.996812,2021-11-01,Eastern Region,63896.3,11,2021,90852.2,-0.296701,-1.79868
1,2021-12-01,Eastern Region,56522,12,2021,86422.6,-0.345982,-2.10182
1,2022-01-01,Eastern Region,60174.7,1,2022,59983.9,0.00318084,0.0459479
1,2022-02-01,Eastern Region,63790.4,2,2022,63148.9,0.0101596,0.0888757
0.999928,2022-03-01,Eastern Region,62762.7,3,2022,76008.2,-0.174264,-1.04555
0.835276,2022-04-01,Eastern Region,74297.2,4,2022,76899.3,-0.0338379,-0.181761
0.997873,2022-05-01,Eastern Region,78915.6,5,2022,76870.3,0.0266072,0.190048
0.99878,2022-06-01,Eastern Region,62193.1,6,2022,69894.3,-0.110184,-0.651383
0.992098,2022-08-01,Eastern Region,49138.2,8,2022,61474.9,-0.200678,-1.20803
0.982641,2022-09-01,Eastern Region,61250.2,9,2022,65297.9,-0.0619873,-0.354914
0.999749,2022-10-01,Eastern Region,74107.7,10,2022,81439.5,-0.0900266,-0.527389
0.999947,2022-11-01,Eastern Region,72480,11,2022,87991,-0.17628,-1.05795
1,2022-12-01,Eastern Region,74635.3,12,2022,80384.8,-0.071525,-0.413582
1,2023-01-01,Eastern Region,61870.1,1,2023,59418.7,0.0412556,0.280153
1,2023-02-01,Eastern Region,60539.6,2,2023,64232.5,-0.0574924,-0.327265
0.999908,2023-03-01,Eastern Region,85699.2,3,2023,68362.7,0.253596,1.5863
0.998748,2023-04-01,Eastern Region,82323.3,4,2023,74224,0.10912,0.697599
0.988961,2023-05-01,Eastern Region,80736.7,5,2023,76263.2,0.0586586,0.387202
1,2023-06-01,Eastern Region,70504.7,6,2023,65738.5,0.0725015,0.472353
0.999736,2023-07-01,Eastern Region,63656.1,7,2023,56918.9,0.118366,0.754474
0.976853,2023-08-01,Eastern Region,54295.2,8,2023,59755.9,-0.0913831,-0.535733
0.999874,2023-09-01,Eastern Region,56959.5,9,2023,66728.1,-0.146394,-0.874117
0.932086,2023-10-01,Eastern Region,81760.5,10,2023,78888.5,0.0364062,0.250323
1,2023-11-01,Eastern Region,87039.8,11,2023,83137.7,0.0469354,0.315091
1,2023-12-01,Eastern Region,72961.9,12,2023,80942.6,-0.098597,-0.580107
1,2024-01-01,Eastern Region,66318.4,1,2024,57936,0.144684,0.916361
1,2024-02-01,Eastern Region,72088.1,2,2024,60383,0.193849,1.21878
1,2024-03-01,Eastern Region,82811.1,3,2024,69325.4,0.194527,1.22296
0.999194,2024-04-01,Eastern Region,83098.9,4,2024,73965.4,0.123483,0.78595
0.998778,2024-05-01,Eastern Region,78515.2,5,2024,77003.7,0.0196294,0.147126
0.879472,2024-07-01,Eastern Region,58699,7,2024,59397.4,-0.0117587,-0.0459479
0.999974,2024-08-01,Eastern Region,67675,8,2024,55295.9,0.22387,1.40345
0.999987,2024-09-01,Eastern Region,84216.5,9,2024,57642.5,0.461015,2.86217
1,2024-10-01,Eastern Region,88724.6,10,2024,76567.2,0.158781,1.00308
1,2024-11-01,Eastern Region,113037,11,2024,74472,0.517844,3.21174
1,2024-12-01,Eastern Region,111671,12,2024,68039.7,0.641255,3.97087
1,2021-01-01,Greater Accra Region,124519,1,2021,150964,-0.175177,-1.00888
1,2021-02-01,Greater Accra Region,122103,2,2021,135347,-0.0978538,-0.570157
0.999923,2021-03-01,Greater Accra Region,133946,3,2021,176016,-0.239013,-1.37107
0.997117,2021-04-01,Greater Accra Region,144844,4,2021,177253,-0.182838,-1.05234
1,2021-05-01,Greater Accra Region,137243,5,2021,169842,-0.191936,-1.10397
0.990908,2021-06-01,Greater Accra Region,153284,6,2021,153180,0.000674095,-0.0111227
0.999692,2021-07-01,Greater Accra Region,133818,7,2021,177496,-0.24608,-1.41117
0.999611,2021-08-01,Greater Accra Region,121425,8,2021,118651,0.0233849,0.117735
1,2021-09-01,Greater Accra Region,120891,9,2021,153875,-0.214358,-1.23119
1,2021-10-01,Greater Accra Region,160548,10,2021,173234,-0.0732304,-0.430447
1,2021-11-01,Greater Accra Region,152559,11,2021,189628,-0.195483,-1.12409
1,2021-12-01,Greater Accra Region,141345,12,2021,183424,-0.22941,-1.31659
1,2022-01-01,Greater Accra Region,126728,1,2022,150228,-0.156427,-0.902494
1,2022-02-01,Greater Accra Region,132650,2,2022,131832,0.00620865,0.0202796
0.999846,2022-03-01,Greater Accra Region,152285,3,2022,169903,-0.103695,-0.603297
0.954224,2022-04-01,Greater Accra Region,182240,4,2022,164788,0.105905,0.585946
0.999049,2022-05-01,Greater Accra Region,159255,5,2022,158836,0.00263443,0
0.998672,2022-06-01,Greater Accra Region,133627,6,2022,159732,-0.163433,-0.942245
0.994657,2022-07-01,Greater Accra Region,172456,7,2022,164617,0.0476182,0.255232
1,2022-08-01,Greater Accra Region,121185,8,2022,118731,0.0206668,0.102313
0.997407,2022-09-01,Greater Accra Region,120993,9,2022,153841,-0.213515,-1.2264
1,2022-10-01,Greater Accra Region,164188,10,2022,172020,-0.0455329,-0.273295
1,2022-11-01,Greater Accra Region,172811,11,2022,182877,-0.0550454,-0.327268
1,2022-12-01,Greater Accra Region,161102,12,2022,176838,-0.0889887,-0.519858
1,2023-01-01,Greater Accra Region,156562,1,2023,140283,0.116039,0.643445
1,2023-02-01,Greater Accra Region,125381,2,2023,134255,-0.0660929,-0.38995
1,2023-03-01,Greater Accra Region,183346,3,2023,159549,0.149155,0.831338
0.998072,2023-04-01,Greater Accra Region,165407,4,2023,170399,-0.0292911,-0.181141
0.999923,2023-06-01,Greater Accra Region,171108,6,2023,147239,0.16211,0.904845
0.997764,2023-07-01,Greater Accra Region,179162,7,2023,162381,0.103344,0.571415
0.88174,2023-08-01,Greater Accra Region,87856.8,8,2023,129840,-0.323348,-1.84958
0.994062,2023-09-01,Greater Accra Region,142413,9,2023,146701,-0.0292278,-0.180782
0.992265,2023-10-01,Greater Accra Region,166954,10,2023,171098,-0.0242195,-0.152366
1,2023-11-01,Greater Accra Region,181036,11,2023,180135,0.00500241,0.0134356
1,2023-12-01,Greater Accra Region,181061,12,2023,170185,0.0639072,0.347653
1,2024-01-01,Greater Accra Region,169603,1,2024,135936,0.247666,1.39028
1,2024-02-01,Greater Accra Region,148011,2,2024,126712,0.168091,0.938777
0.999692,2024-03-01,Greater Accra Region,192416,3,2024,156526,0.229295,1.28604
0.998072,2024-04-01,Greater Accra Region,184112,4,2024,164164,0.121511,0.674491
0.998188,2024-05-01,Greater Accra Region,180429,5,2024,148249,0.217069,1.21667
0.996484,2024-06-04,Greater Accra Region,154806,6,2024,152673,0.0139735,0.0643366
0.938137,2024-07-01,Greater Accra Region,180870,7,2024,161812,0.117781,0.653325
1,2024-08-01,Greater Accra Region,146911,8,2024,110156,0.333666,1.87823
1,2024-09-01,Greater Accra Region,198218,9,2024,128099,0.547384,3.09084
1,2024-10-01,Greater Accra Region,188559,10,2024,163896,0.150476,0.838833
1,2024-11-01,Greater Accra Region,215036,11,2024,168802,0.273897,1.53911
1,2024-12-01,Greater Accra Region,208109,12,2024,161169,0.291246,1.63754
1,2021-01-01,North East Region,23226.3,1,2021,24669.5,-0.0584999,-0.35911
1,2021-02-01,North East Region,15779.7,2,2021,20287.9,-0.222211,-1.36975
0.989388,2021-03-01,North East Region,17207.6,3,2021,17148.4,0.00345388,0.0233516
0.99417,2021-04-01,North East Region,15880.3,4,2021,17181.5,-0.075731,-0.465483
1,2021-05-01,North East Region,14990.1,5,2021,17017.1,-0.119114,-0.733304
1,2021-06-01,North East Region,14133.8,6,2021,16860.1,-0.161701,-0.996208
1,2021-07-01,North East Region,12538.5,7,2021,13446,-0.0674923,-0.414623
1,2021-09-01,North East Region,16640.1,9,2021,17558.7,-0.0523142,-0.320924
1,2021-10-01,North East Region,16613.5,10,2021,18275.7,-0.0909493,-0.559431
1,2021-11-01,North East Region,15469.5,11,2021,23223.4,-0.33388,-2.05913
1,2021-12-01,North East Region,32366.1,12,2021,40046.3,-0.191783,-1.18191
1,2022-01-01,North East Region,26192.2,1,2022,23680.8,0.106048,0.656701
1,2022-02-01,North East Region,21281.8,2,2022,18453.9,0.15324,0.948035
1,2022-03-01,North East Region,14686.5,3,2022,17988.7,-0.183575,-1.13124
0.999206,2022-04-01,North East Region,13478.9,4,2022,17981.9,-0.250422,-1.54391
1,2022-05-01,North East Region,22263,5,2022,14592.8,0.525617,3.24684
1,2022-06-01,North East Region,16595.1,6,2022,16039.7,0.0346271,0.215795
1,2022-08-01,North East Region,12566.8,8,2022,15437.9,-0.185976,-1.14607
1,2022-09-01,North East Region,17195.1,9,2022,17373.7,-0.0102819,-0.0614437
1,2022-10-01,North East Region,19834.4,10,2022,17202.1,0.153027,0.946715
1,2022-11-01,North East Region,25034.2,11,2022,20035.1,0.249516,1.54238
1,2022-12-01,North East Region,40409.5,12,2022,37365.2,0.0814737,0.504994
1,2023-01-01,North East Region,17834.4,1,2023,26466.8,-0.326158,-2.01145
1,2023-02-01,North East Region,18554.3,2,2023,19363.1,-0.0417719,-0.255842
0.987256,2023-03-01,North East Region,18951.7,3,2023,16567,0.143946,0.890654
0.999841,2023-04-01,North East Region,18231.3,4,2023,16397.8,0.111812,0.69228
1,2023-05-01,North East Region,17354.8,5,2023,16228.9,0.0693761,0.430312
1,2023-06-01,North East Region,17856.7,6,2023,15619.2,0.143252,0.886375
1,2023-07-01,North East Region,13027.4,7,2023,13201.5,-0.0131904,-0.0793992
0.955148,2023-08-01,North East Region,13862,8,2023,14790.3,-0.0627663,-0.385448
1,2023-09-01,North East Region,16466.3,9,2023,17616.6,-0.0652981,-0.401078
1,2023-10-01,North East Region,18004.3,10,2023,17812.1,0.0107941,0.0686655
1,2023-11-01,North East Region,20362.2,11,2023,21592.5,-0.0569757,-0.349701
1,2023-12-01,North East Region,40670.8,12,2023,37278.1,0.0910112,0.563873
1,2024-01-01,North East Region,29981.8,1,2024,22417.6,0.337422,2.08505
1,2024-02-01,North East Region,21027.7,2,2024,18538.6,0.134268,0.830911
1,2024-03-01,North East Region,17806.9,3,2024,16948.6,0.0506425,0.314663
0.999947,2024-04-01,North East Region,19834.3,4,2024,15863.5,0.25031,1.54727
0.999066,2024-05-01,North East Region,11433.5,5,2024,18202.6,-0.371876,-2.29369
1,2024-06-04,North East Region,16128.6,6,2024,16195.2,-0.00411143,-0.0233516
1,2024-07-01,North East Region,13864.6,7,2024,12782.9,0.0846154,0.524389
0.998462,2024-08-01,North East Region,17013.8,8,2024,13214.4,0.287521,1.777
0.999974,2024-09-01,North East Region,19014.7,9,2024,16767.2,0.134044,0.829528
1,2024-10-01,North East Region,16988.3,10,2024,18150.8,-0.0640457,-0.393346
1,2024-11-01,North East Region,24273.6,11,2024,20288.7,0.196414,1.21456
1,2024-12-01,North East Region,39058.7,12,2024,37815.5,0.0328755,0.204981
1,2021-01-01,Northern Region,73556.4,1,2021,82735.2,-0.110942,-0.45865
1,2021-02-01,Northern Region,51200.6,2,2021,67959.6,-0.246603,-1.01017
0.909542,2021-03-01,Northern Region,47523.5,3,2021,54857.6,-0.133695,-0.55115
0.988741,2021-04-01,Northern Region,44197.5,4,2021,58514.4,-0.244674,-1.00233
0.99943,2021-05-01,Northern Region,48510.4,5,2021,57833.2,-0.161201,-0.662976
0.997725,2021-06-01,Northern Region,42909,6,2021,58277.4,-0.26371,-1.07972
0.99853,2021-07-01,Northern Region,41314.2,7,2021,49420.9,-0.164033,-0.674491
0.852271,2021-08-01,Northern Region,44352.8,8,2021,53577.5,-0.172176,-0.707592
0.99729,2021-09-01,Northern Region,53107.7,9,2021,59008.2,-0.0999944,-0.414145
0.999218,2021-10-01,Northern Region,52636.2,10,2021,61697.4,-0.146865,-0.604692
1,2021-11-01,Northern Region,51813.9,11,2021,66215.1,-0.21749,-0.891814
1,2021-12-01,Northern Region,67120.7,12,2021,90651,-0.25957,-1.06289
1,2022-01-01,Northern Region,89349.3,1,2022,77470.9,0.153328,0.615717
1,2022-02-01,Northern Region,73354,2,2022,60575.1,0.210959,0.85001
1,2022-03-01,Northern Region,43848.6,3,2022,56082.6,-0.218142,-0.894465
0.974017,2022-04-01,Northern Region,48047.5,4,2022,57231.1,-0.160466,-0.659988
0.999874,2022-05-01,Northern Region,68115.2,5,2022,51298.3,0.327827,1.32513
0.999637,2022-06-01,Northern Region,50302.1,6,2022,55813,-0.0987378,-0.409037
0.999527,2022-08-01,Northern Region,48281.5,8,2022,52268,-0.0762697,-0.317694
0.99947,2022-09-01,Northern Region,56525,9,2022,57869.1,-0.0232268,-0.102053
1,2022-10-01,Northern Region,64513.7,10,2022,57738.3,0.117348,0.469441
1,2022-11-01,Northern Region,57535.7,11,2022,64307.8,-0.105307,-0.435741
1,2022-12-01,Northern Region,100395,12,2022,79559.5,0.261885,1.05704
1,2023-01-01,Northern Region,63783.6,1,2023,85992.8,-0.258268,-1.05759
1,2023-02-01,Northern Region,57096.8,2,2023,65994.2,-0.134821,-0.55573
0.998859,2023-03-01,Northern Region,64055.3,3,2023,49347,0.29806,1.20411
0.9997,2023-04-01,Northern Region,64409.3,4,2023,51777.2,0.243972,0.984222
0.99997,2023-05-01,Northern Region,57621.8,5,2023,54796.1,0.0515683,0.202021
1,2023-06-01,Northern Region,63599.2,6,2023,51380.6,0.237805,0.959152
0.999935,2023-07-01,Northern Region,48785.9,7,2023,45685,0.0678747,0.268313
0.945934,2023-08-01,Northern Region,51716.4,8,2023,51123,0.0116079,0.0395651
1,2023-09-01,Northern Region,53924.4,9,2023,58736,-0.0819178,-0.340656
0.998614,2023-10-01,Northern Region,60108.7,10,2023,59206.6,0.0152366,0.054317
1,2023-11-01,Northern Region,62702.8,11,2023,62585.4,0.00187584,0
1,2023-12-01,Northern Region,71550.2,12,2023,89174.5,-0.197638,-0.811105
1,2024-01-01,Northern Region,95072.6,1,2024,75563.1,0.258188,1.04202
1,2024-02-01,Northern Region,73428,2,2024,60550.4,0.212675,0.856988
1,2024-03-01,Northern Region,56668.9,3,2024,51809.1,0.0938017,0.373717
0.99999,2024-04-01,Northern Region,63086.5,4,2024,52218.1,0.208136,0.838534
0.984334,2024-05-01,Northern Region,47762.6,5,2024,58082.5,-0.177677,-0.729957
0.999645,2024-06-04,Northern Region,60930.7,6,2024,52270.1,0.165689,0.66597
0.989281,2024-07-01,Northern Region,50055.9,7,2024,45050,0.111117,0.444111
0.999902,2024-08-01,Northern Region,60734.7,8,2024,48116.9,0.262232,1.05845
0.998143,2024-09-01,Northern Region,66575.2,9,2024,54519,0.221136,0.891384
1,2024-10-01,Northern Region,60469.8,10,2024,59086.2,0.0234168,0.0875728
1,2024-11-01,Northern Region,78406.6,11,2024,57350.8,0.367139,1.48495
1,2024-12-01,Northern Region,100008,12,2024,79688.6,0.254981,1.02898
1,2021-01-01,Oti Region,24720.2,1,2021,22042.1,0.121498,0.624101
1,2021-02-01,Oti Region,18299.6,2,2021,23412.8,-0.218395,-0.947794
0.985448,2021-03-01,Oti Region,15135.1,3,2021,19248.9,-0.213718,-0.926163
0.959042,2021-04-01,Oti Region,16552.1,4,2021,23383.4,-0.292145,-1.28886
0.991131,2021-05-01,Oti Region,21162.2,5,2021,20346.1,0.0401123,0.247717
0.942363,2021-06-01,Oti Region,16191.8,6,2021,18979.2,-0.146866,-0.616997
0.96299,2021-07-01,Oti Region,15315.1,7,2021,18217,-0.159298,-0.674491
0.899151,2021-09-01,Oti Region,20059.9,9,2021,20333.4,-0.0134519,0
0.928387,2021-10-01,Oti Region,20410,10,2021,22142.5,-0.078242,-0.299633
0.999978,2021-11-01,Oti Region,17356.1,11,2021,23131,-0.249663,-1.0924
1,2021-12-01,Oti Region,14820.8,12,2021,25322.5,-0.414718,-1.85572
1,2022-01-01,Oti Region,22722,1,2022,22708.2,0.000607113,0.0650185
1,2022-02-01,Oti Region,19822.3,2,2022,22905.2,-0.134594,-0.560241
0.999509,2022-03-01,Oti Region,14879,3,2022,19334.3,-0.230436,-1.00348
0.894745,2022-04-01,Oti Region,24471.1,4,2022,20743.8,0.179684,0.893191
0.980011,2022-05-01,Oti Region,23373.5,5,2022,19609,0.191978,0.950047
0.996473,2022-06-01,Oti Region,17215.4,6,2022,18638,-0.0763275,-0.290779
0.923938,2022-08-01,Oti Region,17894.6,8,2022,19703.2,-0.0917944,-0.362308
0.996808,2022-09-01,Oti Region,20214.7,9,2022,20281.8,-0.00330803,0.0469122
0.999978,2022-10-01,Oti Region,24659.6,10,2022,20726,0.18979,0.939925
1,2022-11-01,Oti Region,19587.7,11,2022,22387.1,-0.125046,-0.516086
1,2022-12-01,Oti Region,27492.4,12,2022,21098.7,0.303039,1.46366
1,2023-01-01,Oti Region,20982.9,1,2023,23287.9,-0.0989773,-0.395527
1,2023-02-01,Oti Region,28424.7,2,2023,20037.8,0.418557,1.9979
0.998945,2023-03-01,Oti Region,22602.7,3,2023,16759.7,0.348627,1.6745
0.997301,2023-04-01,Oti Region,22807.8,4,2023,21298.2,0.0708804,0.390009
0.984276,2023-05-01,Oti Region,20777.4,5,2023,20474.3,0.0147998,0.130655
0.999822,2023-06-01,Oti Region,19302.8,6,2023,17942.2,0.075831,0.412904
0.961558,2023-07-01,Oti Region,18217,7,2023,15315.1,0.189482,0.938504
0.875886,2023-08-01,Oti Region,18619.6,8,2023,19340.7,-0.0372824,-0.110208
0.992484,2023-09-01,Oti Region,17085.7,9,2023,21324.8,-0.198788,-0.857118
0.946963,2023-10-01,Oti Region,21028.1,10,2023,21936.5,-0.0414071,-0.129283
1,2023-11-01,Oti Region,21452.6,11,2023,21765.5,-0.0143738,-0.00426348
1,2023-12-01,Oti Region,16632.6,12,2023,24718.6,-0.327123,-1.45063
1,2024-01-01,Oti Region,22421.5,1,2024,22808.4,-0.0169629,-0.0162369
1,2024-02-01,Oti Region,21991.4,2,2024,22182.2,-0.00860177,0.0224305
1,2024-03-01,Oti Region,20265.2,3,2024,17538.9,0.15544,0.78107
1,2024-04-01,Oti Region,22871.4,4,2024,21277,0.0749354,0.408762
0.998104,2024-05-01,Oti Region,16887.4,5,2024,21771,-0.224318,-0.975188
0.952357,2024-06-04,Oti Region,20419.4,6,2024,17570,0.162175,0.812219
1,2024-08-01,Oti Region,20786.8,8,2024,18257.1,0.138561,0.703008
0.985043,2024-09-01,Oti Region,23699.8,9,2024,19120.1,0.239525,1.16993
1,2024-10-01,Oti Region,20739.8,10,2024,22032.6,-0.0586757,-0.209145
1,2024-11-01,Oti Region,28352.7,11,2024,19465.5,0.456563,2.17367
1,2024-12-01,Oti Region,31842.6,12,2024,19648.6,0.620605,2.9323
1,2021-01-01,Savannah Region,43686.5,1,2021,57647.9,-0.242183,-1.09841
1,2021-02-01,Savannah Region,37683.6,2,2021,56450,-0.332443,-1.44342
0.929404,2021-04-01,Savannah Region,43496.7,4,2021,58243.3,-0.253191,-1.14049
0.997219,2021-05-01,Savannah Region,57075.3,5,2021,54911.7,0.0394015,-0.0220687
0.990832,2021-06-01,Savannah Region,46455.6,6,2021,53476,-0.131281,-0.674491
0.997823,2021-07-01,Savannah Region,40130.4,7,2021,32775.3,0.224412,0.685124
0.939778,2021-08-01,Savannah Region,48787.2,8,2021,52396.9,-0.0688916,-0.436013
0.995919,2021-09-01,Savannah Region,52921.4,9,2021,58562.4,-0.0963247,-0.540874
0.986454,2021-10-01,Savannah Region,53703,10,2021,60252.1,-0.108695,-0.58816
1,2021-11-01,Savannah Region,48106.3,11,2021,62626.5,-0.231853,-1.05892
1,2021-12-01,Savannah Region,51684.8,12,2021,99813.2,-0.482184,-2.0158
1,2022-01-01,Savannah Region,63688.5,1,2022,50980.5,0.249271,0.780145
1,2022-02-01,Savannah Region,53703.8,2,2022,51109.9,0.05075,0.0213104
1,2022-03-01,Savannah Region,37532.7,3,2022,53260.7,-0.295302,-1.30145
0.9628,2022-04-01,Savannah Region,46529,4,2022,57232.6,-0.187018,-0.887544
0.997245,2022-05-01,Savannah Region,68979.7,5,2022,50943.5,0.354042,1.18062
0.996729,2022-06-01,Savannah Region,50220.4,6,2022,52221,-0.0383103,-0.319117
0.839891,2022-07-01,Savannah Region,8912.78,7,2022,43181.2,-0.793596,-3.20615
0.999594,2022-08-01,Savannah Region,45906.9,8,2022,53357,-0.139627,-0.706396
0.967598,2022-09-01,Savannah Region,60513.6,9,2022,56031.7,0.0799895,0.133077
1,2022-10-01,Savannah Region,68044.3,10,2022,55471.7,0.22665,0.693676
1,2022-11-01,Savannah Region,53142.9,11,2022,60947.6,-0.128056,-0.662165
1,2022-12-01,Savannah Region,104582,12,2022,82180.8,0.272585,0.86926
1,2023-01-01,Savannah Region,47638.8,1,2023,56330.4,-0.154298,-0.762475
1,2023-02-01,Savannah Region,53492.4,2,2023,51180.4,0.0451749,0
0.999915,2023-03-01,Savannah Region,56778,3,2023,43638,0.301115,0.978317
0.993401,2023-04-01,Savannah Region,63338.6,4,2023,51629.4,0.226794,0.694228
0.995886,2023-05-01,Savannah Region,54281.1,5,2023,55843.1,-0.0279703,-0.279593
0.999412,2023-06-01,Savannah Region,55456.5,6,2023,50475.6,0.0986786,0.204515
0.99882,2023-07-01,Savannah Region,45842.5,7,2023,30871.2,0.48496,1.68105
0.987108,2023-08-01,Savannah Region,51752.7,8,2023,51408.4,0.00669842,-0.147074
1,2023-09-01,Savannah Region,55737.2,9,2023,57623.8,-0.0327401,-0.297826
0.989897,2023-10-01,Savannah Region,56731.4,10,2023,59242.7,-0.04239,-0.334712
1,2023-11-01,Savannah Region,61032.6,11,2023,58317.8,0.046553,0.00526737
1,2023-12-01,Savannah Region,95955.4,12,2023,85056.3,0.128139,0.317125
1,2024-01-01,Savannah Region,61616.3,1,2024,51671.3,0.192468,0.563019
1,2024-02-01,Savannah Region,62153.8,2,2024,48293.3,0.287008,0.924391
1,2024-03-01,Savannah Region,49743.3,3,2024,47155.4,0.0548808,0.0371
0.999916,2024-04-01,Savannah Region,64862.4,4,2024,51121.4,0.268791,0.85476
0.995979,2024-05-01,Savannah Region,41474.2,5,2024,60112,-0.310051,-1.35783
0.98945,2024-06-04,Savannah Region,54750.9,6,2024,50710.8,0.0796691,0.131852
0.907724,2024-07-01,Savannah Region,43570.5,7,2024,31628.6,0.377566,1.27055
0.999181,2024-08-01,Savannah Region,59531.1,8,2024,48815.6,0.219509,0.66638
0.998351,2024-09-01,Savannah Region,59436.4,9,2024,56390.7,0.0540102,0.0337721
0.992664,2024-10-01,Savannah Region,55980.7,10,2024,59492.9,-0.0590359,-0.39834
1,2024-11-01,Savannah Region,73704,11,2024,54094,0.362517,1.21302
1,2024-12-01,Savannah Region,98902.2,12,2024,84074.1,0.17637,0.501484
1,2021-01-01,Upper East Region,21495.3,1,2021,24583,-0.125606,-0.948981
1,2021-02-01,Upper East Region,22669.2,2,2021,26761.1,-0.152903,-1.15156
1,2021-03-01,Upper East Region,24785.8,3,2021,26531.3,-0.0657908,-0.505082
1,2021-04-01,Upper East Region,22687.6,4,2021,25548.4,-0.111973,-0.84781
1,2021-05-01,Upper East Region,21855.2,5,2021,24415.2,-0.104853,-0.794971
1,2021-06-01,Upper East Region,20364.7,6,2021,23296.3,-0.125843,-0.950737
1,2021-07-01,Upper East Region,18357.2,7,2021,20664.5,-0.111655,-0.845446
1,2021-09-01,Upper East Region,20914.3,9,2021,22517.2,-0.071186,-0.545122
1,2021-10-01,Upper East Region,22277.9,10,2021,25549.9,-0.128063,-0.967212
1,2021-11-01,Upper East Region,20057.2,11,2021,31666.7,-0.366617,-2.73755
1,2021-12-01,Upper East Region,29272.8,12,2021,36663,-0.201571,-1.51272
1,2022-01-01,Upper East Region,23940.9,1,2022,23767.8,0.00728341,0.0372105
1,2022-02-01,Upper East Region,24631.4,2,2022,26107,-0.0565193,-0.436278
1,2022-03-01,Upper East Region,22210.8,3,2022,27389.6,-0.189081,-1.42004
0.998032,2022-04-01,Upper East Region,20383.6,4,2022,26316.4,-0.225439,-1.68985
1,2022-05-01,Upper East Region,25625.2,5,2022,23158.5,0.10651,0.773583
1,2022-06-01,Upper East Region,23261.6,6,2022,22330.7,0.0416894,0.292542
0.992019,2022-08-01,Upper East Region,17053,8,2022,23161.4,-0.263731,-1.97402
1,2022-09-01,Upper East Region,22059,9,2022,22135.6,-0.00345916,-0.0425115
1,2022-10-01,Upper East Region,25367.7,10,2022,24519.9,0.0345726,0.239727
1,2022-11-01,Upper East Region,28062.6,11,2022,28998.2,-0.032264,-0.256276
1,2022-12-01,Upper East Region,30943.2,12,2022,36106.2,-0.142994,-1.07802
1,2023-01-01,Upper East Region,22939.7,1,2023,24101.5,-0.0482055,-0.37458
1,2023-02-01,Upper East Region,26914.1,2,2023,25346.1,0.0618627,0.44225
1,2023-03-01,Upper East Region,27685.2,3,2023,25564.8,0.0829412,0.598677
1,2023-04-01,Upper East Region,26242.9,4,2023,24363.3,0.0771502,0.555701
1,2023-05-01,Upper East Region,25220.3,5,2023,23293.5,0.0827194,0.597031
1,2023-06-01,Upper East Region,22876.9,6,2023,22458.9,0.0186125,0.121285
1,2023-07-01,Upper East Region,20390.9,7,2023,19647.7,0.037824,0.263856
0.990214,2023-08-01,Upper East Region,21381.9,8,2023,20997,0.0183348,0.119224
1,2023-09-01,Upper East Region,21038,9,2023,22476,-0.0639779,-0.491629
1,2023-10-01,Upper East Region,24680.9,10,2023,24748.8,-0.00274484,-0.0372105
1,2023-11-01,Upper East Region,29236.8,11,2023,28606.8,0.0220211,0.146581
1,2023-12-01,Upper East Region,34129,12,2023,35044.3,-0.0261163,-0.210653
1,2024-01-01,Upper East Region,26868.5,1,2024,22792,0.178857,1.31048
1,2024-02-01,Upper East Region,28737.7,2,2024,24738.2,0.16167,1.18293
1,2024-03-01,Upper East Region,29697.9,3,2024,24893.9,0.192979,1.41528
1,2024-04-01,Upper East Region,30018.6,4,2024,23104.7,0.29924,2.20386
1,2024-05-01,Upper East Region,22400.1,5,2024,24233.6,-0.0756564,-0.578296
1,2024-06-04,Upper East Region,23750.4,6,2024,22167.7,0.0713969,0.513005
1,2024-07-01,Upper East Region,20938.2,7,2024,19374,0.0807338,0.582295
0.943376,2024-08-01,Upper East Region,24940.9,8,2024,19217.5,0.297823,2.19334
0.998735,2024-09-01,Upper East Region,24454.6,9,2024,21337.1,0.146104,1.06742
1,2024-10-01,Upper East Region,26601,10,2024,24108.8,0.103373,0.750304
1,2024-11-01,Upper East Region,37700.7,11,2024,25785.5,0.462088,3.41238
1,2024-12-01,Upper East Region,44916.7,12,2024,31448.3,0.428271,3.16141
1,2021-01-01,Upper West Region,30348.2,1,2021,32350.9,-0.0619029,-0.441329
1,2021-02-01,Upper West Region,28397.9,2,2021,35772.1,-0.206143,-1.3231
1,2021-04-01,Upper West Region,37626.8,4,2021,39204.7,-0.0402468,-0.308941
1,2021-05-01,Upper West Region,35813.3,5,2021,35600.9,0.00596626,-0.0264315
1,2021-06-01,Upper West Region,33565,6,2021,37978.9,-0.11622,-0.77338
1,2021-07-01,Upper West Region,31003.5,7,2021,30695.3,0.0100396,-0.00153052
0.856236,2021-08-01,Upper West Region,33096.3,8,2021,34191.2,-0.0320237,-0.258671
0.987069,2021-09-01,Upper West Region,35967.1,9,2021,37794.3,-0.0483463,-0.358455
1,2021-10-01,Upper West Region,34467,10,2021,40557.5,-0.150168,-0.980909
1,2021-11-01,Upper West Region,32621.2,11,2021,47398.2,-0.311762,-1.96876
1,2021-12-01,Upper West Region,41458.4,12,2021,69564.5,-0.404029,-2.53281
1,2022-01-01,Upper West Region,33525.9,1,2022,31291.6,0.0714009,0.373583
1,2022-02-01,Upper West Region,33147.9,2,2022,34188.7,-0.0304425,-0.249005
1,2022-03-01,Upper West Region,29810.4,3,2022,38283,-0.221317,-1.41586
0.996978,2022-04-01,Upper West Region,31628.8,4,2022,41204,-0.232387,-1.48353
1,2022-05-01,Upper West Region,40996.2,5,2022,33873.3,0.210278,1.22257
1,2022-06-01,Upper West Region,40510.8,6,2022,35663.6,0.135916,0.767974
1,2022-08-01,Upper West Region,25768,8,2022,36634,-0.296608,-1.87612
0.997592,2022-09-01,Upper West Region,39659.1,9,2022,36563.7,0.0846587,0.45463
1,2022-10-01,Upper West Region,42700.4,10,2022,37813,0.129251,0.72723
1,2022-11-01,Upper West Region,41903.3,11,2022,44304.1,-0.0541898,-0.394177
1,2022-12-01,Upper West Region,50402.4,12,2022,66583.2,-0.243016,-1.54851
1,2023-01-01,Upper West Region,28566.2,1,2023,32944.9,-0.132908,-0.875394
1,2023-02-01,Upper West Region,36331.2,2,2023,33127.6,0.096703,0.52826
1,2023-03-01,Upper West Region,38839.2,3,2023,33768.6,0.150157,0.855034
0.993607,2023-04-01,Upper West Region,41249.9,4,2023,37997,0.0856086,0.460437
1,2023-05-01,Upper West Region,37269,5,2023,35115.7,0.0613194,0.311953
1,2023-06-01,Upper West Region,35424.3,6,2023,37359.1,-0.0517874,-0.379491
1,2023-07-01,Upper West Region,28375.9,7,2023,32009.2,-0.113508,-0.756803
0.996067,2023-08-01,Upper West Region,36414,8,2023,33085.3,0.100607,0.552127
1,2023-09-01,Upper West Region,36092,9,2023,37752.7,-0.0439897,-0.331822
1,2023-10-01,Upper West Region,39662.5,10,2023,38825.6,0.021555,0.0688651
1,2023-11-01,Upper West Region,45510.4,11,2023,43101.8,0.0558827,0.278717
1,2023-12-01,Upper West Region,83073.7,12,2023,55692.7,0.491645,2.94261
1,2024-01-01,Upper West Region,34960.4,1,2024,30813.5,0.134584,0.759831
1,2024-02-01,Upper West Region,37837.1,2,2024,32625.7,0.159734,0.913579
1,2024-03-01,Upper West Region,37726.9,3,2024,34324.8,0.0991149,0.543004
0.999962,2024-04-01,Upper West Region,44735.4,4,2024,36835.2,0.214476,1.24823
1,2024-05-01,Upper West Region,28537.7,5,2024,38026.2,-0.249526,-1.5883
1,2024-06-04,Upper West Region,38001.4,6,2024,36500,0.0411341,0.188556
0.985835,2024-07-01,Upper West Region,33014.8,7,2024,29689.7,0.111996,0.621751
1,2024-08-01,Upper West Region,40391.7,8,2024,31759.4,0.271801,1.59866
1,2024-09-01,Upper West Region,37631.9,9,2024,37239.4,0.0105403,0.00153052
1,2024-10-01,Upper West Region,39309.5,10,2024,38943.3,0.00940298,-0.00542218
1,2024-11-01,Upper West Region,54780.8,11,2024,40011.6,0.369121,2.1936
1,2024-12-01,Upper West Region,75217.3,12,2024,58311.5,0.289922,1.70944
1,2021-01-01,Volta Region,32963.6,1,2021,36346.1,-0.0930621,-0.669077
1,2021-02-01,Volta Region,34796.5,2,2021,37756.5,-0.0783977,-0.543224
0.994686,2021-03-01,Volta Region,32103.9,3,2021,43295.5,-0.258492,-2.08883
0.974106,2021-04-01,Volta Region,39769.8,4,2021,48091.2,-0.173033,-1.3554
0.996035,2021-05-01,Volta Region,43334.4,5,2021,44730,-0.0312004,-0.138167
0.979673,2021-06-01,Volta Region,42750.2,6,2021,41850,0.0215104,0.314207
0.984314,2021-07-01,Volta Region,35275.2,7,2021,40131.9,-0.121018,-0.909002
0.9661,2021-08-01,Volta Region,38931.4,8,2021,38030.3,0.0236952,0.332958
0.986904,2021-09-01,Volta Region,39975.9,9,2021,43831.2,-0.0879559,-0.625255
0.99585,2021-10-01,Volta Region,43481.7,10,2021,44202.7,-0.0163112,-0.010385
1,2021-11-01,Volta Region,39575.9,11,2021,50495.4,-0.216246,-1.72627
1,2021-12-01,Volta Region,34995.3,12,2021,48311.9,-0.275639,-2.23599
1,2022-01-01,Volta Region,34709.2,1,2022,35764.2,-0.0294993,-0.123568
1,2022-02-01,Volta Region,36778.3,2,2022,37095.9,-0.00856285,0.0561127
0.9927,2022-03-01,Volta Region,36667.4,3,2022,41774.3,-0.122249,-0.919564
0.947465,2022-04-01,Volta Region,50893.9,4,2022,44383.2,0.146695,1.38857
0.999477,2022-05-01,Volta Region,44591.7,5,2022,44310.9,0.00633771,0.183992
0.998416,2022-06-01,Volta Region,36002.2,6,2022,44099.3,-0.183609,-1.44617
0.869941,2022-07-01,Volta Region,41736.9,7,2022,37978,0.0989755,0.979029
0.991153,2022-08-01,Volta Region,33743.8,8,2022,39759.5,-0.151303,-1.16891
0.990805,2022-09-01,Volta Region,42378,9,2022,43030.5,-0.015163,-0.000531146
1,2022-10-01,Volta Region,41567.5,10,2022,44840.8,-0.0729988,-0.49689
1,2022-11-01,Volta Region,42741.5,11,2022,49440.2,-0.135491,-1.03321
1,2022-12-01,Volta Region,43870.3,12,2022,45353.6,-0.0327036,-0.151068
1,2023-01-01,Volta Region,37162,1,2023,34946.6,0.0633928,0.673651
1,2023-02-01,Volta Region,35803.3,2,2023,37420.9,-0.0432283,-0.241393
0.989339,2023-03-01,Volta Region,47058.9,3,2023,38310.5,0.228358,2.08941
0.987903,2023-04-01,Volta Region,45596.6,4,2023,46148.9,-0.0119696,0.0268756
0.940286,2023-05-01,Volta Region,45719.6,5,2023,43934.9,0.0406224,0.47823
0.999925,2023-06-01,Volta Region,43676.4,6,2023,41541.2,0.0513983,0.570712
0.996494,2023-07-01,Volta Region,37437.8,7,2023,39411,-0.050069,-0.300102
0.98839,2023-08-01,Volta Region,36567.2,8,2023,38818.4,-0.0579912,-0.368091
0.998241,2023-09-01,Volta Region,35680.1,9,2023,45263.1,-0.211718,-1.68741
0.983837,2023-10-01,Volta Region,41954.4,10,2023,44711.8,-0.0616719,-0.39968
1,2023-11-01,Volta Region,47919.5,11,2023,47714.2,0.00430335,0.166533
1,2023-12-01,Volta Region,40872,12,2023,46353,-0.118244,-0.885193
1,2024-01-01,Volta Region,37167.1,1,2024,34945,0.0635885,0.675331
1,2024-02-01,Volta Region,40688,2,2024,35792.7,0.136769,1.30338
1,2024-03-01,Volta Region,46160,3,2024,38610.1,0.195542,1.80778
0.999976,2024-04-01,Volta Region,47783.1,4,2024,45420.1,0.0520243,0.576084
0.996416,2024-05-01,Volta Region,43878.6,5,2024,44548.6,-0.0150392,0.000531146
0.956823,2024-06-04,Volta Region,45871.3,6,2024,40809.6,0.124032,1.19407
0.938087,2024-07-01,Volta Region,41221,7,2024,38149.9,0.0804999,0.820468
1,2024-08-01,Volta Region,43779.9,8,2024,36414.1,0.202276,1.86558
1,2024-09-01,Volta Region,53435.4,9,2024,39344.7,0.358135,3.20319
1,2024-10-01,Volta Region,49086.3,10,2024,42334.5,0.159487,1.49835
1,2024-11-01,Volta Region,60825.1,11,2024,43412.3,0.401102,3.57194
1,2024-12-01,Volta Region,60193.4,12,2024,39912.5,0.508132,4.49049
1,2021-01-01,Western North Region,13169,1,2021,15774.6,-0.165176,-0.660826
1,2021-02-01,Western North Region,15636.9,2,2021,19910.7,-0.214646,-0.896401
0.981182,2021-04-01,Western North Region,18891.4,4,2021,24011.5,-0.213233,-0.889673
0.999856,2021-05-01,Western North Region,21844.3,5,2021,22612.3,-0.0339627,-0.0359912
1,2021-06-01,Western North Region,24416.7,6,2021,21402.3,0.140845,0.796437
0.985757,2021-07-01,Western North Region,16943.5,7,2021,19048.3,-0.1105,-0.400458
0.997091,2021-08-01,Western North Region,21315.8,8,2021,19414.7,0.0979175,0.592019
0.99827,2021-09-01,Western North Region,15351.9,9,2021,23806.2,-0.355129,-1.56538
0.991626,2021-10-01,Western North Region,24696.7,10,2021,25522,-0.0323358,-0.0282439
1,2021-11-01,Western North Region,20544.4,11,2021,27880.7,-0.26313,-1.12728
1,2021-12-01,Western North Region,15718.1,12,2021,22695.5,-0.307437,-1.33827
1,2022-01-01,Western North Region,16722.7,1,2022,14590,0.146177,0.821829
1,2022-02-01,Western North Region,19786.2,2,2022,18527.6,0.0679336,0.449237
1,2022-03-01,Western North Region,15578,3,2022,23715.6,-0.343133,-1.50825
0.858913,2022-04-01,Western North Region,20162.8,4,2022,23587.7,-0.1452,-0.5657
1,2022-05-01,Western North Region,27718.4,5,2022,20654.2,0.342019,1.75442
0.995504,2022-06-01,Western North Region,21747.5,6,2022,22292,-0.0244256,0.00942455
1,2022-08-01,Western North Region,17010.2,8,2022,20849.9,-0.184159,-0.751223
0.951694,2022-09-01,Western North Region,25562.2,9,2022,20402.8,0.25288,1.32995
0.998028,2022-10-01,Western North Region,27529.6,10,2022,24577.7,0.120104,0.697671
1,2022-11-01,Western North Region,24375.1,11,2022,26603.8,-0.0837725,-0.273184
1,2022-12-01,Western North Region,20501.9,12,2022,21100.9,-0.0283838,-0.00942455
1,2023-01-01,Western North Region,15512.5,1,2023,14993.4,0.0346234,0.290614
1,2023-02-01,Western North Region,19183,2,2023,18728.7,0.0242567,0.241248
0.999482,2023-03-01,Western North Region,25172.6,3,2023,18918.3,0.330591,1.7
1,2023-04-01,Western North Region,27138.9,4,2023,21262.3,0.276385,1.44188
0.996995,2023-05-01,Western North Region,21907.6,5,2023,22591.2,-0.0302609,-0.0183633
1,2023-06-01,Western North Region,21886.2,6,2023,22245.8,-0.0161664,0.0487542
0.988425,2023-07-01,Western North Region,18360.1,7,2023,18340.1,0.00109339,0.130945
0.993653,2023-08-01,Western North Region,18382.8,8,2023,20392.4,-0.098547,-0.34354
0.985487,2023-09-01,Western North Region,20416.1,9,2023,22118.2,-0.0769541,-0.240715
0.981682,2023-10-01,Western North Region,24639.2,10,2023,25541.1,-0.0353118,-0.0424154
1,2023-11-01,Western North Region,25112.6,11,2023,26358,-0.0472507,-0.0992681
1,2023-12-01,Western North Region,17326.1,12,2023,22159.5,-0.21812,-0.912944
1,2024-01-01,Western North Region,15088.5,1,2024,15134.8,-0.0030566,0.111183
1,2024-02-01,Western North Region,20762.9,2,2024,18202,0.140688,0.795691
1,2024-03-01,Western North Region,22258.7,3,2024,20375.3,0.0924339,0.565906
1,2024-04-01,Western North Region,24732.8,4,2024,22064.4,0.120937,0.701637
1,2024-05-01,Western North Region,18210.9,5,2024,23823.4,-0.235589,-0.996129
0.999736,2024-06-04,Western North Region,20573.2,6,2024,22683.5,-0.0930312,-0.317273
0.99906,2024-07-01,Western North Region,19736.6,7,2024,17651.8,0.118106,0.688156
1,2024-08-01,Western North Region,22851.2,8,2024,18902.9,0.208871,1.12038
1,2024-09-01,Western North Region,25440.3,9,2024,20443.4,0.244426,1.28969
1,2024-10-01,Western North Region,24397.1,10,2024,25621.8,-0.0477992,-0.10188
1,2024-11-01,Western North Region,34154.4,11,2024,23344.1,0.463088,2.33095
1,2024-12-01,Western North Region,30258.5,12,2024,17848.7,0.695278,3.43663
1,2021-01-01,Western Region,35814.5,1,2021,40506.3,-0.115831,-0.635236
1,2021-02-01,Western Region,39485.1,2,2021,44576.1,-0.114209,-0.625286
0.994684,2021-03-01,Western Region,42397.6,3,2021,51320.9,-0.173873,-0.991419
0.99994,2021-04-01,Western Region,44381.7,4,2021,57253.1,-0.224816,-1.30404
1,2021-05-01,Western Region,49601.6,5,2021,51359.6,-0.0342295,-0.13448
0.999,2021-06-01,Western Region,48233.2,6,2021,48306.2,-0.00151265,0.0662914
0.992287,2021-07-01,Western Region,38711.6,7,2021,46918.1,-0.174912,-0.997792
0.995449,2021-08-01,Western Region,48273.2,8,2021,43024.3,0.122,0.82424
0.999333,2021-09-01,Western Region,40947.8,9,2021,53830.8,-0.239325,-1.39307
0.999919,2021-10-01,Western Region,50792.3,10,2021,58332.1,-0.129257,-0.717627
0.999931,2021-11-01,Western Region,48027.9,11,2021,61518.9,-0.219299,-1.27018
1,2021-12-01,Western Region,39927.7,12,2021,55476.2,-0.280273,-1.64436
0.999995,2022-01-01,Western Region,40154.9,1,2022,39059.5,0.0280427,0.247661
1,2022-02-01,Western Region,45054.5,2,2022,42719.6,0.0546564,0.41098
1,2022-03-01,Western Region,40040,3,2022,52106.8,-0.231579,-1.34554
0.957385,2022-04-01,Western Region,52790.7,4,2022,54450.1,-0.0304768,-0.111451
0.998606,2022-05-01,Western Region,52496.8,5,2022,50394.6,0.041714,0.331557
0.998814,2022-06-01,Western Region,43819.7,6,2022,49777.4,-0.119688,-0.658903
0.994001,2022-08-01,Western Region,40144,8,2022,45734,-0.122228,-0.674491
0.999175,2022-09-01,Western Region,50141.2,9,2022,50766.4,-0.0123152,0
0.999889,2022-10-01,Western Region,57540.3,10,2022,56082.7,0.0259887,0.235057
0.999964,2022-11-01,Western Region,54669.6,11,2022,59305,-0.0781619,-0.404076
1,2022-12-01,Western Region,48743.9,12,2022,52537.5,-0.0722072,-0.367535
1,2023-01-01,Western Region,38639.7,1,2023,39564.6,-0.0233763,-0.0678773
1,2023-02-01,Western Region,41743.5,2,2023,43823.3,-0.0474593,-0.215666
1,2023-03-01,Western Region,58980.1,3,2023,45793.4,0.28796,1.84268
0.993758,2023-04-01,Western Region,60192.6,4,2023,51982.8,0.157934,1.04475
0.980323,2023-05-01,Western Region,53585.5,5,2023,50031.7,0.0710314,0.511467
1,2023-06-01,Western Region,50794.2,6,2023,47452.5,0.0704209,0.50772
0.9844,2023-07-01,Western Region,45128.3,7,2023,43709.8,0.0324543,0.274734
0.997692,2023-08-01,Western Region,39986.6,8,2023,45786.4,-0.126672,-0.701762
0.999557,2023-09-01,Western Region,49240.9,9,2023,51066.5,-0.0357491,-0.143805
0.996268,2023-10-01,Western Region,52573.2,10,2023,57738.4,-0.0894596,-0.473406
1,2023-11-01,Western Region,58602.6,11,2023,57994,0.0104933,0.139968
1,2023-12-01,Western Region,46691.9,12,2023,53221.5,-0.122688,-0.677314
1,2024-01-01,Western Region,42724.4,1,2024,38203,0.118352,0.801859
1,2024-02-01,Western Region,46930.3,2,2024,42094.4,0.114883,0.780569
1,2024-03-01,Western Region,54942.7,3,2024,47139.2,0.165541,1.09143
1,2024-04-01,Western Region,58776.1,4,2024,52455,0.120504,0.815063
0.996077,2024-05-01,Western Region,47996.7,5,2024,51894.6,-0.075113,-0.385366
0.998557,2024-06-04,Western Region,50304.8,6,2024,47615.7,0.0564762,0.422147
0.998977,2024-07-01,Western Region,48707.9,7,2024,41920,0.161926,1.06926
1,2024-08-01,Western Region,48942.1,8,2024,42801.3,0.143474,0.956018
1,2024-09-01,Western Region,62110.5,9,2024,46776.6,0.32781,2.08722
1,2024-10-01,Western Region,64882.8,10,2024,53635.2,0.209705,1.36245
1,2024-11-01,Western Region,71284.6,11,2024,53766.7,0.325813,2.07497
1,2024-12-01,Western Region,70992.9,12,2024,45121.2,0.573383,3.59421
