shapeID,name,area_km2,n_pixels,sol,rad_km2,sol_per_km2,mean_rad,median_rad,p90_rad,max_rad,lit_area_km2,lit_share,core_area_km2,core_share,pop,pop_inhabited,pop_lit,pop_dark,pop_lit_share,pop_density,sol_per_capita,gini_pixels,gini_pop_light,cv_rad,sol_share_nat,pop_share_nat,light_pop_ratio,parent
2480657B26321648161032,Adenta Municipal,78.8248,319,3254.25,804.138,41.2846,10.2014,9.85422,16.8579,21.936,78.8248,1,38.5489,0.489045,89987.2,89987.2,89987.2,0,1,1141.61,0.0361634,0.250005,0.230098,0.438601,0.0245519,0.00317317,7.73732,Greater Accra Region
2480657B94892111901595,Ledzokuku Municipal,28.6683,116,1388.56,343.166,48.4354,11.9703,10.9752,18.0929,22.0803,28.6683,1,18.5352,0.64654,183263,183263,183263,0,1,6392.52,0.00757688,0.18182,0.1519,0.330979,0.0104761,0.0064623,1.62111,Greater Accra Region
2480657B14989848452061,Chereponi,1375.62,5628,94.9306,23.2034,0.0690093,0.0168676,0,0,4.12016,23.7099,0.0172358,0,0,58322.7,58312.9,7103.64,51209.3,0.121819,42.3974,0.00162768,0.986928,0.921814,9.53101,0.00071621,0.0020566,0.348249,North East Region
2480657B52594370214383,Wa East,4297.13,17574,144.951,35.4341,0.0337322,0.00824806,0,0,6.16101,35.6944,0.00830659,0,0,118238,118238,5021.76,113216,0.0424718,27.5155,0.00122593,0.992592,0.972087,13.6037,0.00109359,0.00416936,0.262293,Upper West Region
2480657B26357719954092,Wa Municipal,579.536,2370,1364.14,333.552,2.35385,0.575587,0,1.07141,26.8217,134.241,0.231635,6.35717,0.0109694,80471.5,80471.5,49569.6,30901.9,0.615989,138.855,0.0169518,0.910213,0.712771,3.68696,0.0102918,0.00283762,3.62692,Upper West Region
2480657B56307698722921,Saboba,1752.1,7159,57.9131,14.176,0.0330536,0.00808955,0,0,3.49669,16.6456,0.0095004,0,0,72996.6,72990.3,4548.23,68442.1,0.0623129,41.6624,0.000793367,0.992302,0.959139,12.0431,0.000436929,0.00257404,0.169744,Northern Region
2480657B21686152565613,Jirapa,1187.79,4866,164.054,40.0463,0.138117,0.0337143,0,0,5.3215,42.4732,0.0357582,0,0,96634.4,96634.4,16791,79843.4,0.173758,81.3565,0.00169768,0.971161,0.899426,6.50318,0.00123771,0.00340757,0.363225,Upper West Region
2480657B56494255769768,Gushegu,2674.59,10934,150.684,36.862,0.0563392,0.0137812,0,0,5.77336,35.9613,0.0134455,0,0,112158,112158,11725.9,100432,0.104548,41.9348,0.00134349,0.991073,0.940572,11.6789,0.00113684,0.00395498,0.287446,Northern Region
2480657B76140913943028,Sissala West,2048.02,8397,186.835,45.559,0.0912271,0.0222502,0,0,4.32055,55.1093,0.0269086,0,0,34935.2,34917,2990.96,31926.1,0.085659,17.058,0.00534804,0.979466,0.939947,6.96164,0.00140959,0.0012319,1.14424,Upper West Region
2480657B57712569843933,Nanumba North,2258.94,9208,83.6825,20.5299,0.037045,0.00908802,0,0,3.73869,22.0797,0.00977434,0,0,125774,125774,10347.3,115426,0.0822694,55.6783,0.00066534,0.990676,0.945867,11.4696,0.000631348,0.00443511,0.142352,Northern Region
2480657B9523556036154,Lambussie-karni,809.962,3321,94.2488,22.9853,0.116362,0.0283796,0,0,2.28958,29.5096,0.0364333,0,0,66917.8,66915.9,6876.58,60039.3,0.102765,82.6184,0.00140843,0.966075,0.919243,5.32977,0.000711066,0.00235969,0.301339,Upper West Region
2480657B19364380807593,Bolgatanga Municipal,323.238,1325,593.994,144.895,1.83764,0.448298,0,0.845878,16.1388,65.6175,0.203001,2.6833,0.00830133,99653.1,99653.1,63502.1,36151.1,0.637231,308.297,0.00596062,0.915123,0.684655,3.5428,0.00448143,0.00351402,1.2753,Upper East Region
2480657B24752518727633,Nanumba South,1791.04,7297,61.18,15.0188,0.0341589,0.00838426,0,0,1.36237,19.3927,0.0108276,0,0,173761,173760,9851.66,163908,0.056697,97.0167,0.000352093,0.985205,0.941799,8.11204,0.000461576,0.00612724,0.0753319,Northern Region
2480657B27014820297576,Wenchi Municipal,1141.86,4641,305.815,75.2501,0.267823,0.0658943,0,0,7.47498,60.5314,0.0530114,0,0,91540.5,91540.5,20286.5,71254,0.221613,80.1681,0.00334077,0.969812,0.888882,6.46574,0.00230724,0.00322794,0.714771,Bono Region
2480657B66034837272834,Bongo,415.727,1705,53.5164,13.0494,0.12873,0.0313879,0,0,2.24305,19.5073,0.0469234,0,0,88783.6,88779.7,11302.5,77477.2,0.12731,213.562,0.000602774,0.952436,0.901227,4.66894,0.000403758,0.00313073,0.128966,Upper East Region
2480657B7981851544250,Tano South Municipal,490.293,1990,221.929,54.6858,0.452646,0.111522,0,0.356968,6.675,60.6166,0.123633,0,0,65933.7,65933.7,22569.9,43363.8,0.342312,134.478,0.00336594,0.924518,0.822803,3.89438,0.00167436,0.00232498,0.720158,Ahafo Region
2480657B70680953475259,Kasena Nankana West,872.729,3579,108.562,26.467,0.124394,0.030333,0,0,4.05734,25.3555,0.0290531,0,0,89719.2,89718.7,11204.8,78513.9,0.124888,102.803,0.00121002,0.982265,0.925396,7.5714,0.000819051,0.00316372,0.258889,Upper East Region
2480657B35206472883168,Wa West,1489.82,6090,96.1492,23.5229,0.0645375,0.0157881,0,0,3.10968,27.4,0.0183915,0,0,77569.3,77569.3,4966.26,72603,0.0640235,52.0662,0.00123953,0.97452,0.943176,6.80157,0.000725404,0.00273529,0.265202,Upper West Region
2480657B55840347650819,Sunyani Municipal,506.248,2055,1502.99,370.186,2.96889,0.731383,0,2.6078,17.6204,111.825,0.220889,3.69442,0.00729765,109231,109231,71568.2,37663,0.655199,215.766,0.0137597,0.886024,0.600558,2.72831,0.0113394,0.00385176,2.94395,Bono Region
2480657B66384530229883,Sawla-tuna-kalba,4226.18,17256,193.732,47.468,0.045841,0.0112269,0,0,5.65925,46.7944,0.0110725,0,0,92864.4,92861.7,9191.49,83670.2,0.0989805,21.9736,0.00208618,0.991908,0.943066,12.2698,0.00146162,0.00327463,0.446348,Savannah Region
2480657B39079904074923,Asante Akim South,1151.29,4666,306.14,75.5271,0.26591,0.0656107,0,0.258861,3.18734,117.681,0.102216,0,0,128536,128536,31646.5,96889.6,0.246207,111.645,0.00238174,0.923157,0.837026,3.64265,0.00230969,0.0045325,0.509584,Ashanti Region
2480657B88326891244380,Sissala East,5091.45,20863,196.738,47.9889,0.0386409,0.00942999,0,0,7.58213,40.4965,0.00795383,0,0,82045.3,82026.8,4287.15,77739.7,0.0522652,16.1143,0.00239792,0.994965,0.970927,15.4754,0.0014843,0.00289312,0.513045,Upper West Region
2480657B57636315193797,Ada East,289.771,1173,380.51,94.0008,1.31314,0.324391,0,0.962899,6.25975,101.778,0.351236,0,0,81304.7,81299.7,47401.3,33898.3,0.583044,280.583,0.00468005,0.785105,0.661185,2.02153,0.00287078,0.00286701,1.00132,Greater Accra Region
2480657B66464396810782,Shai Osudoku,970.891,3931,561.257,138.634,0.578084,0.142777,0,0.543512,5.51324,157.091,0.161801,0,0,58345.5,58345.5,22267.3,36078.2,0.381645,60.0948,0.00961954,0.892975,0.772794,2.97918,0.00423444,0.00205741,2.05814,Greater Accra Region
2480657B68256913631937,Kasena Nankana East,769.693,3155,330.659,80.6333,0.429599,0.104805,0,0.241179,7.5857,75.5957,0.0982154,0,0,105527,105526,33128.1,72397.7,0.313934,137.102,0.00313342,0.942043,0.830872,4.44438,0.00249468,0.00372113,0.670408,Upper East Region
2480657B39710750100206,Ada West,322.85,1307,188.4,46.5408,0.583552,0.144147,0,0.510932,3.25277,72.1335,0.223427,0,0,74448.2,74445.2,32821.1,41624.1,0.440876,230.596,0.00253062,0.83973,0.716462,2.33438,0.00142139,0.00262523,0.541437,Greater Accra Region
2480657B78318361422462,Bunkpurugu Nakpanduri,767.599,3144,122.008,29.7854,0.158947,0.0388065,0,0,5.86002,29.2941,0.0381633,0,0,109531,109527,18296.5,91230.4,0.16705,142.693,0.00111391,0.977583,0.911925,7.43637,0.000920495,0.00386234,0.238326,North East Region
2480657B97498759939018,Garu,675.521,2769,51.9524,12.6711,0.0769071,0.0187621,0,0,3.40611,12.9266,0.0191358,0,0,95530.9,95529,11658.3,83870.7,0.122039,141.418,0.000543828,0.986075,0.9246,8.79869,0.000391958,0.00336866,0.116354,Upper East Region
2480657B81968156308620,Ningo/prampram,620.837,2513,2576.59,636.604,4.15019,1.02531,0,3.09235,18.8986,237.923,0.38323,11.1186,0.017909,85002.1,85002.1,59918.9,25083.2,0.704911,136.915,0.0303121,0.818548,0.615769,2.20357,0.0194393,0.00299738,6.48541,Greater Accra Region
2480657B84792930556748,East Mamprusi,1705.34,6983,162.846,39.7607,0.0954915,0.0233203,0,0,5.49102,41.0202,0.0240539,0,0,137324,137324,19222.7,118101,0.139981,80.5254,0.00118585,0.983555,0.914354,8.26625,0.0012286,0.00484237,0.253719,North East Region
2480657B88791559733000,La Dade-kotopon,36.3307,147,2423.77,599.03,66.7141,16.4882,15.1065,25.342,48.8983,36.3307,1,29.6578,0.81633,381027,381027,381027,0,1,10487.7,0.00636116,0.240345,0.21503,0.446232,0.0182863,0.0134359,1.361,Greater Accra Region
2480657B35637781657714,Bawku West,1072.69,4398,376.583,91.8239,0.351065,0.0856259,0,0.166475,12.4887,82.1739,0.0766057,0.487629,0.000454587,101654,101651,22926.6,78723.9,0.225544,94.7657,0.00370455,0.952511,0.89415,5.77297,0.00284115,0.00358457,0.792606,Upper East Region
2480657B72501418673064,Aowin,2609.57,10562,127.971,31.6185,0.0490389,0.0121161,0,0,3.98985,41.0154,0.0157173,0,0,117780,117768,8081.66,109687,0.0686234,45.1337,0.00108653,0.986668,0.955692,9.69032,0.000965482,0.0041532,0.232467,Western North Region
2480657B16380673722667,Dormaa East,571.98,2322,75.2096,18.5254,0.13149,0.03239,0,0,2.14024,27.8339,0.0486623,0,0,68210.5,68210.5,11853.8,56356.8,0.173782,119.253,0.00110261,0.961749,0.870211,4.88087,0.000567423,0.00240527,0.235908,Bono Region
2480657B41275879010095,Suaman,398.765,1615,38.1288,9.41442,0.0956171,0.0236091,0,0,2.0231,13.5801,0.0340553,0,0,24731.3,24731.3,3301.09,21430.3,0.133478,62.0198,0.00154172,0.975278,0.907147,6.14974,0.000287665,0.000872088,0.329857,Western North Region
2480657B78254100433505,Berekum East Municipal,460.618,1871,373.347,91.929,0.810534,0.199544,0,0.431697,8.90287,55.4012,0.120276,0,0,92043.1,92043.1,44242,47801.1,0.480666,199.825,0.00405622,0.934939,0.71235,3.80516,0.00281674,0.00324567,0.867845,Bono Region
2480657B75704309897075,Bia East,784.067,3180,15.8987,3.9201,0.0202773,0.0049996,0,0,1.15334,7.15042,0.00911966,0,0,53403.6,53403.6,1397.32,52006.3,0.0261653,68.111,0.000297709,0.991826,0.977697,10.5999,0.000119949,0.00188314,0.0636962,Western North Region
2480657B92052873943163,Jaman South Municipal,754.406,3065,142.429,35.0569,0.188797,0.0464696,0,0,3.05445,45.2877,0.060031,0,0,91261.5,91261.5,17311.6,73949.9,0.189692,120.971,0.00156067,0.947486,0.876049,4.58875,0.00107457,0.00321811,0.333913,Bono Region
2480657B58435284570364,Bia West,1284.94,5209,94.1808,23.2296,0.0732959,0.0180804,0,0,2.39523,33.7909,0.0262977,0,0,71561.2,71559.3,6530.18,65029.1,0.0912555,55.6922,0.00131609,0.981053,0.937617,7.15101,0.000710553,0.00252343,0.281583,Western North Region
2480657B93462158202754,Sunyani West,1059.81,4304,529.508,130.403,0.499628,0.123027,0,0.31621,5.29022,114.269,0.107821,0,0,115202,115202,38759.8,76442.2,0.336451,108.701,0.00459634,0.937942,0.806912,3.96504,0.0039949,0.00406231,0.983407,Bono Region
2480657B96138797401471,Asunafo North Municipal,1410.37,5720,239.34,59.0103,0.1697,0.0418426,0,0,4.691,66.3235,0.0470256,0,0,133401,133401,26473.6,106928,0.19845,94.5862,0.00179413,0.969184,0.8875,6.02578,0.00180571,0.00470407,0.383862,Ahafo Region
2480657B1960270363323,Bodi,661.806,2681,24.6829,6.09316,0.0372964,0.00920662,0,0,0.764828,12.096,0.0182772,0,0,45296.1,45296.1,2777,42519.1,0.0613078,68.4432,0.000544924,0.979409,0.936411,6.55228,0.000186222,0.00159725,0.116589,Western North Region
2480657B56579001772859,Juaboso,1367.34,5541,44.1945,10.9061,0.0323214,0.00797591,0,0,1.41734,19.9887,0.0146186,0,0,72077.9,72077.9,3832.5,68245.4,0.0531716,52.7138,0.000613149,0.98528,0.952108,8.12067,0.000333428,0.00254165,0.131186,Western North Region
2480657B63998169387071,Nkoranza North,1389.65,5647,67.2583,16.552,0.0483993,0.0119104,0,0,1.52723,25.1019,0.0180634,0,0,80732.2,80732.2,5936.81,74795.4,0.0735371,58.0951,0.000833104,0.977363,0.925051,6.58633,0.000507434,0.00284682,0.178246,Bono East Region
2480657B51466124780551,Kintampo South,1511.08,6144,288.751,71.0184,0.191089,0.0469973,0,0,3.69724,81.6558,0.054038,0,0,83234.1,83234.1,16941.2,66293,0.203536,55.0825,0.00346915,0.957892,0.868914,4.98329,0.0021785,0.00293504,0.742239,Bono East Region
2480657B99130964172058,Shama,193.188,781,544.84,134.782,2.82026,0.697619,0,1.84471,20.1822,83.8578,0.434074,1.73174,0.00896405,185025,185025,139490,45535.1,0.753897,957.747,0.00294469,0.792722,0.639303,2.48733,0.00411058,0.00652444,0.630028,Western Region
2480657B68079094729511,Tano North Municipal,836.217,3394,321.059,79.1022,0.383942,0.0945961,0,0.293686,7.00163,91.6531,0.109604,0,0,106018,106018,32082.5,73935.1,0.302615,126.782,0.00302836,0.933598,0.836605,4.10279,0.00242225,0.00373844,0.64793,Ahafo Region
2480657B7921909152770,Wassa East,1652.09,6682,272.454,67.3547,0.164914,0.0407743,0,0,10.2646,69.7154,0.0421982,0.247189,0.000149622,84672.6,84672.6,12668.5,72004.1,0.149618,51.2517,0.00321773,0.974528,0.925068,7.96633,0.00205554,0.00298577,0.688448,Western Region
2480657B52907018957478,Ketu North,422.91,1713,329.027,81.2305,0.778006,0.192076,0,0.57817,4.15056,119.493,0.28255,0,0,112126,112125,52769.7,59355.5,0.470632,265.13,0.00293443,0.81113,0.720546,2.1981,0.00248236,0.00395386,0.627834,Volta Region
2480657B89256099008264,Mpohor,524.153,2119,85.428,21.1325,0.162983,0.0403152,0,0,1.95865,34.8796,0.0665447,0,0,37860.6,37860.6,6087.53,31773,0.160788,72.2319,0.00225638,0.934284,0.858915,3.78675,0.000644516,0.00133506,0.482763,Western Region
2480657B13145859726554,Wassa Amenfi West,1444.74,5847,161.067,39.7949,0.111485,0.0275469,0,0,4.24306,43.7318,0.0302697,0,0,67274.1,67274.1,10889.4,56384.7,0.161867,46.5649,0.00239419,0.980879,0.907904,7.58812,0.00121518,0.00237225,0.512247,Western Region
2480657B7709388821831,Ketu South,272.847,1105,855.434,211.218,3.13522,0.774149,0.427628,2.17368,8.4487,154.324,0.565607,0,0,155485,155483,117137,38345.9,0.753376,569.861,0.00550172,0.678455,0.57129,1.51533,0.00645388,0.00548278,1.17712,Volta Region
2480657B10255028610816,Wassa Amenfi Central,1848.89,7483,70.7561,17.4802,0.0382694,0.00945557,0,0,1.497,28.6574,0.0154998,0,0,88684.6,88684.6,5432.15,83252.5,0.0612524,47.9663,0.000797839,0.980167,0.93812,6.92646,0.000533823,0.00312724,0.170701,Western Region
2480657B20833842549797,Keta Municipal,515.472,2087,318.118,78.5738,0.617139,0.152428,0,0.521348,4.62991,103.737,0.201246,0,0,83708.3,83701.6,42268.1,41433.6,0.504985,162.392,0.00380031,0.858946,0.689783,2.58382,0.00240006,0.00295176,0.813094,Volta Region
2480657B29295475961782,Kadjebi,687.531,2794,134.62,33.1348,0.195803,0.048182,0,0,4.79741,35.195,0.0511905,0,0,57219.4,57214.5,11606.6,45607.9,0.202861,83.2245,0.00235271,0.963197,0.879738,5.49277,0.00101565,0.0020177,0.503372,Oti Region
2480657B5340678211162,Mfantseman Municipal,299.955,1213,546.105,135.05,1.82062,0.45021,0,1.23615,6.41387,135.764,0.452614,0,0,133156,133156,83142.6,50013.9,0.624398,443.921,0.00410123,0.732878,0.64618,1.74687,0.00412012,0.00469543,0.877476,Central Region
2480657B92948775681515,South Tongu,643.381,2605,485.425,119.889,0.75449,0.186343,0,0.556931,5.37533,172.887,0.268716,0,0,103966,103965,47955.1,56009.9,0.461262,161.592,0.00466909,0.819669,0.741176,2.35836,0.00366232,0.00366608,0.998973,Volta Region
2480657B22323593180175,Ekumfi,276.707,1119,169.464,41.9045,0.61243,0.151442,0,0.480048,3.96585,68.2485,0.246646,0,0,90974.3,90974.3,36838.4,54135.9,0.404932,328.775,0.00186277,0.815346,0.737288,2.25323,0.00127853,0.00320798,0.398547,Central Region
2480657B44541331554905,Twifo Hemang Lower Denkyira,575.054,2326,152.934,37.8113,0.265947,0.0657499,0,0.237653,2.71832,55.6287,0.0967364,0,0,44903.5,44903.5,11785.7,33117.7,0.262468,78.0856,0.00340584,0.920447,0.823696,3.57897,0.00115382,0.00158341,0.728695,Central Region
2480657B79217814678772,Jasikan,555.573,2256,139.124,34.2605,0.250416,0.0616685,0,0.138275,5.72211,38.171,0.0687055,0,0,41148.6,41144.1,9773.02,31371.1,0.237532,74.0652,0.00338102,0.949854,0.874228,5.37537,0.00104963,0.001451,0.723383,Oti Region
2480657B2289284937660,Twifo Atti-morkwa,956.314,3870,162.173,40.0785,0.169581,0.0419051,0,0,4.6467,55.6053,0.0581455,0,0,76843.3,76843.3,16371.3,60472.1,0.213047,80.3537,0.00211043,0.953512,0.876688,5.21484,0.00122352,0.00270969,0.451536,Central Region
2480657B4921606442052,Krachi East Municipal,2759.28,11215,58.5107,14.3901,0.0212051,0.00521718,0,0,2.32783,16.9697,0.00615005,0,0,142273,142175,7191.19,134984,0.0505797,51.5618,0.000411256,0.994939,0.963605,13.8626,0.000441438,0.00501691,0.08799,Oti Region
2480657B19246099956301,Awutu Senya,245.15,992,529.814,130.935,2.16118,0.534087,0.413149,1.33962,4.09211,130.979,0.534281,0,0,102856,102856,70242.7,32613,0.682925,419.562,0.00515105,0.63851,0.56246,1.31376,0.00399722,0.00362695,1.10209,Central Region
2480657B13680530894334,Nkwanta South Municipal,2730.02,11109,120.977,29.7306,0.0443137,0.01089,0,0,6.40539,26.2948,0.00963173,0,0,125770,125753,9798.12,115955,0.0779156,46.0693,0.000961891,0.994444,0.958075,14.6156,0.000912719,0.00443496,0.205801,Oti Region
2480657B20036139360918,Awutu Senya East,107.032,433,1561.77,386.009,14.5917,3.60686,1.50934,10.4439,13.9502,72.6683,0.67894,13.8411,0.129318,103450,103450,95688.4,7761.17,0.924976,966.53,0.0150969,0.618136,0.352529,1.16147,0.0117829,0.00364789,3.23006,Central Region
2480657B27047738560833,Afigya Kwabre South,222.641,903,824.906,203.408,3.7051,0.913517,0,3.11776,8.21959,107.751,0.483968,0,0,137988,137988,86268.6,51718.9,0.625191,619.777,0.00597812,0.73852,0.670058,1.67801,0.00622355,0.00486578,1.27904,Ashanti Region
2480657B60779202001283,La-nkwantanang-madina,70.4177,285,2041.19,504.356,28.9869,7.16207,7.09364,12.844,15.3853,70.4177,1,19.027,0.270202,123660,123660,123660,0,1,1756.1,0.0165064,0.316152,0.228021,0.549903,0.0153999,0.00436056,3.53163,Greater Accra Region
2480657B14749544754301,Atwima Kwanwoma,250.879,1017,1228.98,303.158,4.89871,1.20844,0,3.96879,9.28353,124.573,0.496545,0,0,112326,112326,87841,24485.4,0.782016,447.731,0.0109412,0.710363,0.511336,1.50884,0.00927215,0.00396091,2.34092,Ashanti Region
2480657B66267254954762,Sekyere South,417.049,1692,142.271,35.0703,0.341138,0.0840846,0,0.373583,2.0661,58.1751,0.139492,0,0,145718,145718,42837.7,102880,0.293978,349.402,0.000976347,0.893624,0.783484,2.79221,0.00107337,0.00513837,0.208894,Ashanti Region
2480657B24635332146555,Ga East,85.9906,348,2721.61,672.526,31.6501,7.82071,8.4211,12.2421,19.1725,85.9906,1,25.6999,0.298869,199774,199774,199774,0,1,2323.21,0.0136234,0.269248,0.197027,0.472796,0.0205333,0.00704453,2.91479,Greater Accra Region
2480657B22724340600972,Ayawaso West,32.6208,132,2129.83,526.341,65.2904,16.135,15.8891,23.1366,27.5458,32.6208,1,28.4198,0.871216,301092,301092,301092,0,1,9230.05,0.00707368,0.191286,0.167092,0.332726,0.0160686,0.0106172,1.51344,Greater Accra Region
2480657B61321065662810,Sekyere East,241.902,981,229.731,56.6421,0.949689,0.234181,0,0.687673,6.20781,55.2298,0.228315,0,0,34087.9,34087.9,18334,15754,0.537843,140.916,0.00673938,0.869842,0.710222,2.78921,0.00173322,0.00120202,1.44192,Ashanti Region
2480657B41485746076017,Ga South Municipal,178.413,722,212.969,52.6285,1.19368,0.294971,0,1.00121,2.08903,57.5778,0.322722,0,0,81722.6,81722.6,27636.4,54086.2,0.338173,458.052,0.002606,0.750873,0.742512,1.62184,0.00160676,0.00288174,0.557565,Greater Accra Region
2480657B90617621807510,Ga West Municipal,176.178,713,1605.16,396.651,9.11104,2.25128,1.26889,6.19024,14.3227,118.361,0.671828,7.66091,0.043484,152641,152641,131823,20817.6,0.863617,866.403,0.0105159,0.626858,0.479717,1.29074,0.0121102,0.0053825,2.24993,Greater Accra Region
2480657B47319682331963,Sekyere Central,1630.4,6618,122.85,30.2785,0.0753495,0.018563,0,0,2.75881,42.1459,0.02585,0,0,75342.8,75342.8,8481.56,66861.3,0.112573,46.2112,0.00163055,0.982455,0.926611,7.4639,0.000926849,0.00265678,0.348862,Ashanti Region
2480657B96936068561499,Ga Central Municipal,48.9327,198,1436.65,355.048,29.3598,7.25582,7.74573,11.9826,17.2648,48.4384,0.989899,11.8627,0.242429,104535,104535,104377,158.695,0.998482,2136.31,0.0137432,0.282762,0.210265,0.495122,0.0108389,0.00368617,2.94043,Greater Accra Region
2480657B15542052325310,Offinso North,945.837,3840,169.51,41.7471,0.179217,0.0441433,0,0,5.1365,41.8696,0.0442673,0,0,52760.3,52760.3,8123.4,44636.9,0.153968,55.7817,0.00321283,0.973296,0.918124,6.68674,0.00127888,0.00186046,0.687399,Ashanti Region
2480657B78422611914106,Krachi West,927.506,3771,70.6166,17.3722,0.076136,0.0187262,0,0,2.83932,18.6961,0.0201574,0,0,52830.8,52803.5,5228.84,47574.6,0.0990245,56.9601,0.00133666,0.984829,0.932101,8.06101,0.000532771,0.00186294,0.285983,Oti Region
2480657B80894926360364,Offinso Municipal,587.757,2385,309.747,76.3469,0.526998,0.129873,0,0.37221,5.30433,76.6534,0.130417,0,0,80530.9,80530.9,33516,47014.9,0.416188,137.014,0.00384631,0.921946,0.763477,3.60022,0.0023369,0.00283972,0.822935,Ashanti Region
2480657B43720081643569,Obuasi Municipal,145.41,589,1725.34,425.949,11.8654,2.92927,1.32927,8.48598,29.7137,122.205,0.840413,10.3688,0.0713075,108662,108662,103602,5060.5,0.953429,747.283,0.015878,0.606075,0.455721,1.31068,0.0130169,0.00383171,3.39717,Ashanti Region
2480657B73751367479109,Krachi Nchumuru,1195.34,4863,11.4897,2.8236,0.00961207,0.00236268,0,0,0.972753,3.68619,0.0030838,0,0,95450.1,95431.5,1959.86,93471.7,0.0205368,79.8518,0.000120374,0.993852,0.970269,12.6565,8.66848e-05,0.00336581,0.0257545,Oti Region
2480657B60556198830817,Kwabre East,123.539,501,974.479,240.299,7.88803,1.94507,1.18805,5.0845,7.32733,104.306,0.844315,0,0,61641.7,61641.7,58918.9,2722.76,0.955829,498.965,0.0158088,0.515376,0.316022,0.965602,0.00735202,0.00217364,3.38235,Ashanti Region
2480657B11620193732867,Agotime Ziope,315.084,1277,150.468,37.1239,0.47755,0.11783,0,0.341649,5.89595,44.6574,0.141732,0,0,23450,23448.2,7160.95,16287.2,0.305394,74.4244,0.00641658,0.906657,0.833341,3.62798,0.00113522,0.000826904,1.37285,Volta Region
2480657B20696154785284,Adaklu,799.273,3239,146.835,36.2268,0.183711,0.0453335,0,0,7.52509,43.1782,0.0540218,0,0,44363.9,44363.9,11722.8,32641.1,0.264242,55.5054,0.00330978,0.960679,0.86708,6.1103,0.00110781,0.00156438,0.708143,Volta Region
2480657B28564915274944,Ejura-sekyedumase,1341.89,5449,382.912,94.3006,0.285352,0.070272,0,0,8.44573,79.5472,0.0592799,0,0,89417.2,89417.2,19494,69923.2,0.218012,66.6351,0.00428231,0.966189,0.892663,6.19817,0.0028889,0.00315307,0.916218,Ashanti Region
2480657B44972771575405,Atwima Nwabiagya South,365.743,1483,1417.57,349.611,3.87586,0.95588,0,3.05318,9.50557,162.28,0.4437,0,0,148372,148372,123613,24759.4,0.833127,405.674,0.00955413,0.760527,0.453781,1.78163,0.0106949,0.00523198,2.04415,Ashanti Region
2480657B79730913179219,Akatsi South,535.523,2169,358.341,88.4796,0.669142,0.16521,0,0.502499,7.11983,101.978,0.190426,0,0,109629,109629,48233.6,61395.6,0.43997,204.714,0.00326866,0.886343,0.770571,3.18443,0.00270353,0.0038658,0.699345,Volta Region
2480657B25907117051030,Atwima Mponua,1883.96,7637,277.452,68.4439,0.147271,0.03633,0,0,5.28549,101.882,0.0540789,0,0,148768,148768,26795.8,121972,0.180118,78.9656,0.001865,0.959006,0.890977,5.58601,0.00209325,0.00524593,0.399024,Ashanti Region
2480657B78562505377679,Akatsi North,313.469,1270,87.4662,21.5874,0.279026,0.068871,0,0.282824,2.74122,35.0474,0.111805,0,0,36944.7,36941.4,10278.7,26662.6,0.278244,117.857,0.00236749,0.906619,0.806132,3.2838,0.000659894,0.00130276,0.506535,Volta Region
2480657B35240131522033,Ho Municipal,572.709,2322,1451.63,358.078,2.53468,0.625165,0,1.35129,18.261,170.443,0.297607,6.41359,0.0111987,209544,209542,144216,65326.2,0.688243,365.883,0.00692757,0.877839,0.679226,3.0461,0.0109519,0.00738905,1.48218,Volta Region
2480657B97463209696641,Adansi South,762.127,3086,138.545,34.2141,0.181787,0.0448947,0,0,4.53076,41.4887,0.0544381,0,0,68014.2,68014.2,11592.5,56421.7,0.170442,89.2427,0.002037,0.964283,0.908027,5.80178,0.00104526,0.00239835,0.435825,Ashanti Region
2480657B20464126159243,Hohoe Municipal,684.223,2777,441.562,108.798,0.645348,0.159007,0,0.384291,10.655,99.0496,0.144762,0.492789,0.000720216,193799,193799,86206.3,107593,0.444823,283.24,0.00227845,0.91778,0.79952,4.30325,0.00333139,0.00683384,0.487485,Volta Region
2480657B45906044715427,Adansi Asokwa,594.748,2409,116.415,28.742,0.195738,0.0483249,0,0.189956,1.80752,51.6003,0.08676,0,0,54473.8,54473.8,11382.1,43091.7,0.208947,91.5913,0.00213708,0.92912,0.845646,3.58364,0.000878298,0.00192088,0.457237,Ashanti Region
2480657B47242267083805,Ho West,1002.84,4065,330.947,81.6206,0.330011,0.0814138,0,0.320039,3.00973,132.931,0.132555,0,0,129862,129860,51717.1,78142.8,0.398253,129.495,0.00254846,0.891766,0.706663,2.85283,0.00249685,0.00457925,0.545253,Volta Region
2480657B30283206314404,Bosome Freho,571.633,2316,121.36,29.9496,0.212304,0.0524007,0,0.20838,3.05028,47.1356,0.0824578,0,0,57876.1,57876.1,12214.4,45661.7,0.211044,101.247,0.0020969,0.925691,0.846553,3.77381,0.000915609,0.00204085,0.44864,Ashanti Region
2480657B45105521184723,Afadzato South,554.186,2248,205.175,50.5841,0.370227,0.0912699,0,0.35482,2.07235,84.0708,0.151701,0,0,141174,141173,48793.4,92379.7,0.345628,254.741,0.00145335,0.860965,0.727761,2.44956,0.00154795,0.00497814,0.31095,Volta Region
2480657B91945870955547,Ahafo Ano South East,688.294,2792,160.888,39.6627,0.233749,0.0576245,0,0.222046,2.22328,59.9054,0.0870347,0,0,74943.2,74943.2,17217.6,57725.6,0.229742,108.883,0.00214679,0.92773,0.832247,3.55648,0.00121383,0.00264268,0.459316,Ashanti Region
2480657B8553529614763,North Dayi,460.338,1867,159.816,39.4021,0.347172,0.0856007,0,0.319339,2.42661,57.6919,0.125325,0,0,47741.4,47736.6,23334,24402.5,0.488809,103.709,0.00334755,0.900594,0.652665,2.99207,0.00120574,0.00168348,0.716222,Volta Region
2480657B55478680834493,Bekwai Municipal,534.482,2166,410.203,101.217,0.767479,0.189383,0,0.625447,5.74512,136.947,0.256224,0,0,150435,150435,72487.2,77947.9,0.48185,281.46,0.00272678,0.828279,0.715741,2.33426,0.0030948,0.00530471,0.583407,Ashanti Region
2480657B39800519073464,Kpando Municipal,314.003,1274,518.407,127.775,1.65096,0.406913,0,1.08839,11.3161,97.8516,0.311626,0.985908,0.00313981,58556.4,58549.8,41797.8,16752,0.713885,186.484,0.00885313,0.848346,0.666625,2.79493,0.00391116,0.00206484,1.89416,Volta Region
2480657B90441463194933,Bosomtwe,422.351,1712,743.468,183.401,1.76031,0.434269,0,1.41927,6.28164,134.447,0.318331,0,0,116026,116023,73765.5,42257.4,0.635784,274.716,0.00640775,0.810603,0.612355,2.07372,0.00560914,0.00409138,1.37097,Ashanti Region
2480657B35012095074914,North Tongu,1130.01,4577,216.088,53.352,0.191227,0.0472118,0,0,3.90258,70.3681,0.0622723,0,0,87722.6,87722.6,21187.4,66535.2,0.241527,77.6301,0.00246332,0.957652,0.857391,4.95138,0.00163029,0.00309332,0.527037,Volta Region
2480657B36678414015123,Central Tongu,683.867,2770,181.218,44.7422,0.26499,0.0654216,0,0.258754,2.00174,70.6128,0.103255,0,0,70013.9,70013.9,21104.8,48909.1,0.301437,102.379,0.00258831,0.916333,0.785462,3.28147,0.00136721,0.00246886,0.553781,Volta Region
2480657B66784074859314,Mampong Municipal,669.69,2718,233.551,57.5558,0.348745,0.0859276,0,0.16053,5.21271,55.2006,0.0824271,0,0,93856.1,93856.1,22975.4,70880.8,0.244793,140.149,0.0024884,0.94939,0.863484,4.55467,0.00176204,0.0033096,0.532403,Ashanti Region
2480657B3117094904377,Ajumako-enyan-essiam,521.13,2108,340.927,84.283,0.654208,0.16173,0,0.524431,4.55242,123.362,0.236721,0,0,169024,169024,74528.8,94495,0.440937,324.341,0.00201704,0.835148,0.721519,2.32316,0.00257215,0.0059602,0.431554,Central Region
2480657B81635079362570,Gomoa West,337.712,1366,221.606,54.7863,0.6562,0.16223,0,0.490621,3.09473,88.259,0.261344,0,0,82610.4,82610.4,31414.1,51196.3,0.380268,244.618,0.00268255,0.822001,0.755458,2.24659,0.00167192,0.00291305,0.573943,Central Region
2480657B39435178884870,Agona West Municipal,358.343,1450,507.376,125.404,1.41589,0.349915,0,0.793171,10.5863,80.3247,0.224156,0.247171,0.000689759,138127,138127,72583.8,65543.2,0.525486,385.46,0.00367326,0.897699,0.732825,3.26389,0.00382793,0.0048707,0.785909,Central Region
2480657B54607197552612,Agona East,326.207,1320,321.52,79.4625,0.985632,0.243576,0,0.696395,5.3811,87.2402,0.267438,0,0,105274,105274,47345.3,57929.1,0.449733,322.723,0.00305411,0.844059,0.754501,2.4894,0.00242573,0.00371224,0.653441,Central Region
2480657B44214183650816,Assin North,724.809,2934,86.8552,21.4557,0.119832,0.029603,0,0,1.75342,34.09,0.0470331,0,0,119703,119703,19225.4,100477,0.160609,165.151,0.00072559,0.958305,0.875682,4.71417,0.000655284,0.00422102,0.155243,Central Region
2480657B73071492710762,Assin South,1099.91,4450,190.045,46.9751,0.172782,0.0427068,0,0,3.87042,71.9274,0.0653936,0,0,127366,127366,29146.2,98219.5,0.228839,115.796,0.00149212,0.946041,0.844566,4.58159,0.00143381,0.00449123,0.319246,Central Region
2480657B2595733520620,Asikuma-odoben-brakwa,775.242,3137,432.747,106.947,0.55821,0.137949,0,0.405072,7.27044,120.107,0.154929,0,0,124751,124751,50050.1,74701,0.401199,160.919,0.00346889,0.910194,0.792246,3.50878,0.00326489,0.00439903,0.742184,Central Region
2480657B83789922051105,Effutu Municipal,85.7903,347,500,123.62,5.82817,1.44092,0.770562,4.42395,8.55617,57.8538,0.674363,0,0,80597.8,80597.8,70324.9,10272.9,0.872541,939.475,0.00620364,0.639013,0.47175,1.33084,0.00377228,0.00284208,1.3273,Central Region
2480657B26264719340764,Gomoa East,539.378,2182,2314.72,572.164,4.29146,1.06082,0.366363,3.13264,12.9215,276.114,0.511911,7.41522,0.0137477,299978,299978,234850,65128.7,0.782889,556.156,0.00771629,0.770863,0.602561,1.98643,0.0174635,0.010578,1.65093,Central Region
2480657B30493820921,Abura-asebu-kwamankese,378.08,1529,538.416,133.147,1.42408,0.352136,0,0.896752,6.8938,135.015,0.357106,0,0,133222,133222,76671.3,56550.5,0.575516,352.364,0.0040415,0.803869,0.714507,2.30382,0.00406211,0.00469773,0.864696,Central Region
2480657B70421803893954,Jomoro,1494.53,6043,411.993,101.906,0.275667,0.0681769,0,0.250628,4.86645,150.143,0.100462,0,0,171820,171812,54453.9,117358,0.316939,114.966,0.00239782,0.923669,0.790298,3.63208,0.00310831,0.00605879,0.513025,Western Region
2480657B39512912083476,Ellembelle,995.769,4026,959.424,237.349,0.963501,0.238307,0,0.734786,10.9242,184.302,0.185086,0.742153,0.000745306,91413.5,91413.5,50528.4,40885.1,0.552746,91.8019,0.0104954,0.896274,0.690647,3.16281,0.00723843,0.00322347,2.24554,Western Region
2480657B85939384202988,Dormaa Municipal,1209.62,4910,209.175,51.5268,0.172926,0.0426019,0,0,4.35096,60.5989,0.0500974,0,0,134254,134254,27398.7,106855,0.204081,110.989,0.00155805,0.968118,0.886064,5.85143,0.00157813,0.00473413,0.333353,Bono Region
2480657B11503231198633,Dormaa West,380.325,1543,28.3172,6.97885,0.0744552,0.018352,0,0,1.14308,11.8297,0.0311043,0,0,44588.5,44588.5,3596.04,40992.4,0.0806495,117.238,0.000635078,0.972965,0.932341,5.72968,0.000213641,0.0015723,0.135878,Bono Region
2480657B27045720373273,Nadowli-kaleo,1130.04,4625,171.727,41.963,0.151965,0.0371303,0,0,2.95332,46.1842,0.0408694,0,0,54980.3,54978.3,8390.4,46587.9,0.152613,48.6533,0.00312343,0.960815,0.889078,5.18467,0.00129561,0.00193874,0.668272,Upper West Region
2480657B71205229821948,Prestea/huni Valley,1809.52,7320,1005.03,248.435,0.555414,0.137299,0,0.394728,14.296,237.803,0.131418,1.23587,0.000682983,172432,172432,69142.4,103289,0.400984,95.2916,0.00582858,0.92948,0.805382,4.39354,0.00758252,0.00608037,1.24705,Western Region
2480657B81057694902297,Ahanta West Municipal,556.237,2248,797.602,197.345,1.43393,0.354805,0,0.937475,13.17,154.394,0.277569,0.247417,0.000444805,119939,119939,74904.6,45034.3,0.624523,215.626,0.00665007,0.853917,0.66412,2.669,0.00601756,0.00422934,1.42281,Western Region
2480657B92911606303429,Daffiama Bussie Issa,1455.52,5959,42.2518,10.3202,0.0290286,0.00709041,0,0,1.91339,13.6782,0.00939748,0,0,45808.9,45808.9,2089.47,43719.5,0.0456126,31.4725,0.000922347,0.990379,0.96085,10.2173,0.000318771,0.00161534,0.19734,Upper West Region
2480657B37092877755739,Nzema East,1080.14,4367,138.579,34.2866,0.128298,0.0317333,0,0,3.74072,47.2551,0.0437492,0,0,56497.4,56497.4,8349.3,48148.1,0.147782,52.3058,0.00245285,0.967166,0.911189,5.9776,0.00104552,0.00199224,0.524797,Western Region
2480657B49975124320145,Lawra,526.902,2159,139.881,34.1413,0.265478,0.0647898,0,0,5.24334,33.4384,0.0634623,0,0,60932,60932,14215.9,46716.1,0.233307,115.642,0.00229569,0.959216,0.866087,5.19703,0.00105534,0.00214861,0.491174,Upper West Region
2480657B7958262081913,Nandom,405.093,1661,98.4535,24.0127,0.243039,0.0592736,0,0,3.5081,26.0972,0.0644228,0,0,49315,49314.9,12504.3,36810.6,0.25356,121.738,0.00199642,0.956648,0.841791,4.71746,0.000742788,0.00173897,0.427143,Upper West Region
2480657B19905724513669,Tarkwa Nsuaem,905.942,3663,1910.06,472.302,2.10837,0.521448,0,1.51685,36.7927,233.681,0.257943,2.22532,0.00245636,85748.8,85748.8,53219.2,32529.6,0.620641,94.6516,0.0222751,0.873387,0.671276,3.1601,0.0144106,0.00302372,4.76585,Western Region
2480657B26285365473669,Talensi,839.002,3438,173.839,42.4195,0.207197,0.0505638,0,0.130225,2.72548,61.247,0.0729998,0,0,85776.6,85776.6,19725.5,66051.1,0.229963,102.236,0.00202664,0.936294,0.828755,3.89384,0.00131154,0.00302469,0.433609,Upper East Region
2480657B96818528094138,Sefwi Akontombra,1120.55,4538,37.2912,9.20766,0.0332795,0.00821755,0,0,1.61916,15.5553,0.0138819,0,0,94555,94555,5544.65,89010.4,0.0586394,84.383,0.000394387,0.984337,0.94397,8.16005,0.000281346,0.00333424,0.0843807,Western North Region
2480657B49181902253284,Effia Kwesimintsim Municipal,105.143,425,1112.46,275.235,10.5805,2.61756,0.642555,9.64109,12.5659,60.8614,0.578844,9.15433,0.0870655,258824,258824,247060,11764.2,0.954547,2461.64,0.00429815,0.699845,0.269102,1.42652,0.00839306,0.00912678,0.919607,Western Region
2480657B74414618551217,Nabdam,245.119,1005,83.3279,20.3244,0.339949,0.0829133,0,0.266277,4.65376,25.6106,0.104482,0,0,28289.8,28287.9,6998.99,21288.9,0.24742,115.412,0.00294552,0.926195,0.834171,3.69891,0.000628672,0.000997567,0.630206,Upper East Region
2480657B50810028950834,Builsa South,1240.95,5083,43.4131,10.601,0.0349836,0.00854084,0,0,1.77616,13.186,0.0106257,0,0,54437.6,54437.6,2218.17,52219.4,0.0407471,43.8675,0.000797484,0.990693,0.967838,9.98747,0.000327533,0.0019196,0.170625,Upper East Region
2480657B79468660523811,Builsa North,817.657,3351,81.8244,19.9644,0.100072,0.0244179,0,0,3.93248,22.4469,0.0274527,0,0,49740.6,49740.4,5259.46,44480.9,0.105738,60.8331,0.00164502,0.974062,0.925733,6.71396,0.000617329,0.00175398,0.35196,Upper East Region
2480657B66646573774103,Binduri,391.789,1607,41.8356,10.1978,0.106781,0.0260333,0,0,1.89904,17.5504,0.0447955,0,0,75915,75915,6443.83,69471.2,0.0848822,193.765,0.000551084,0.957489,0.9283,4.77995,0.000315631,0.00267695,0.117907,Upper East Region
2480657B9973692574538,Pusiga,255.405,1048,142.687,34.7709,0.558669,0.136151,0,0.320339,5.91978,33.142,0.129763,0,0,49241.3,49241.3,14006.2,35235.1,0.284441,192.797,0.0028977,0.922924,0.853548,3.80267,0.00107651,0.00173637,0.619976,Upper East Region
2480657B67017614982997,Bawku Municipal,247.626,1016,428.261,104.375,1.72947,0.421517,0,0.971814,11.1238,53.8611,0.21751,0.731154,0.00295266,73485,73485,34443.1,39041.9,0.468709,296.758,0.00582787,0.901092,0.760522,3.1803,0.00323104,0.00259126,1.2469,Upper East Region
2480657B69696031481498,North Gonja,4844.51,19792,70.2285,17.1986,0.0144965,0.00354833,0,0,4.19219,16.6528,0.00343746,0,0,44747.5,44747.5,2281.98,42465.5,0.050997,9.23674,0.00156944,0.997423,0.969621,21.1619,0.000529843,0.00157791,0.335789,Savannah Region
2480657B54445116346139,West Gonja,4716.24,19241,341.464,83.7286,0.0724018,0.0177467,0,0,11.3494,50.5116,0.0107101,0.490424,0.000103986,58384,57928.4,9749.93,48178.5,0.16831,12.3793,0.0058486,0.994507,0.910972,14.5306,0.0025762,0.00205876,1.25133,Savannah Region
2480657B42193515445029,Mion,2714.32,11079,53.0075,12.9855,0.0195288,0.0047845,0,0,2.39167,16.4134,0.00604695,0,0,130632,130632,3314.53,127317,0.025373,48.1269,0.000405778,0.992965,0.979234,12.441,0.000399918,0.0046064,0.0868179,Northern Region
2480657B94460481801793,Yendi Municipal,1445.22,5900,236.062,57.825,0.16334,0.0400105,0,0,10.8216,41.6428,0.0288142,0.244962,0.000169498,116294,116294,23176.3,93118.1,0.19929,80.4685,0.00202986,0.985523,0.894879,9.07552,0.00178098,0.00410083,0.434298,Northern Region
2480657B36155100412367,Tolon,1354.26,5530,203.509,49.854,0.150274,0.036801,0,0,3.94493,57.0782,0.0421472,0,0,54804.2,54804.2,11789.8,43014.4,0.215126,40.468,0.00371339,0.965767,0.869268,5.89399,0.00153539,0.00193253,0.794496,Northern Region
2480657B99246651758289,Kumbungu,1538.73,6288,225.007,55.1002,0.146229,0.0357836,0,0,3.9306,72.9765,0.0474264,0,0,50086.3,50084.3,10172.3,39912,0.203104,32.5504,0.00449239,0.962675,0.86804,5.4241,0.00169758,0.00176617,0.961166,Northern Region
2480657B90334619080238,West Mamprusi Municipal,2610.64,10686,134.97,32.9723,0.0517002,0.0126306,0,0,3.28179,35.9108,0.0137556,0,0,149376,149376,12407.7,136968,0.0830638,57.2181,0.000903564,0.988359,0.943703,9.62113,0.00101829,0.00526736,0.193321,North East Region
2480657B18075285363234,Mamprugu Moagduri,2120.36,8677,70.1041,17.1305,0.0330624,0.00807931,0,0,2.01242,21.7477,0.0102566,0,0,57598.3,57598.3,2670.05,54928.3,0.0463563,27.1644,0.00121712,0.989003,0.959358,9.63632,0.000528905,0.00203106,0.260408,North East Region
2480657B72410528378772,Zabzugu,1100.86,4490,70.8127,17.3539,0.0643247,0.0157712,0,0,3.72433,13.9689,0.0126891,0,0,94722.5,94722.5,7807.63,86914.8,0.0824263,86.0439,0.000747581,0.991586,0.94651,10.9825,0.00053425,0.00334015,0.159948,Northern Region
2480657B76540044095481,Tatale Sanguli,1089.31,4444,33.4315,8.19156,0.0306906,0.00752284,0,0,1.90958,10.2911,0.00944741,0,0,59014.7,58996.3,4260.43,54735.8,0.0722153,54.1763,0.000566495,0.991695,0.944629,10.7822,0.000252226,0.002081,0.121204,Northern Region
2480657B21050367867823,Sene East,4391.54,17841,40.9265,10.0712,0.0093194,0.00229396,0,0,1.73508,14.7647,0.00336207,0,0,75042.9,74904.8,2321.89,72582.9,0.0309979,17.088,0.000545375,0.995835,0.967721,15.4214,0.000308773,0.0026462,0.116685,Bono East Region
2480657B81329004729189,Bibiani-anhwiaso-bekwai Municipal,832.558,3373,674.062,166.363,0.809627,0.199841,0,0.534831,16.1505,142.907,0.171648,0.740465,0.000889386,135794,135794,54128.2,81665.4,0.398607,163.104,0.00496387,0.912192,0.80879,3.93252,0.0050855,0.00478842,1.06204,Western North Region
2480657B37380438315906,Sene West,3264.76,13268,79.4142,19.5415,0.0243247,0.0059854,0,0,2.33045,24.6071,0.00753718,0,0,70946.4,70932.1,5405.1,65527,0.076201,21.7309,0.00111936,0.992856,0.940563,12.1263,0.000599146,0.00250175,0.239491,Bono East Region
2480657B45731574572143,Upper Denkyira East Municipal,500.231,2025,401.48,99.161,0.802588,0.198262,0,0.438112,9.3707,64.2189,0.128378,0,0,77476.7,77476.7,35511.2,41965.5,0.458347,154.882,0.00518194,0.934133,0.757509,4.06002,0.00302899,0.00273202,1.1087,Central Region
2480657B98266466330064,Asutifi North,936.725,3801,875.217,215.712,0.934337,0.23026,0,0.58352,38.2262,112.88,0.120505,1.9717,0.00210488,69409.2,69409.2,29155,40254.3,0.420045,74.0978,0.0126095,0.939854,0.788449,5.56306,0.00660313,0.00244754,2.69786,Ahafo Region
2480657B6504340506710,Ahafo Ano North,593.879,2409,232.573,57.3254,0.391617,0.0965435,0,0.298344,6.61455,65.8124,0.110818,0,0,112288,112288,30006.6,82281.5,0.267229,189.076,0.00207122,0.930309,0.856754,4.04885,0.00175466,0.00395956,0.443146,Ashanti Region
2480657B25462964367622,Amansie Central,850.702,3446,216.818,53.5211,0.25487,0.0629189,0,0.2406,3.74845,83.1891,0.0977888,0,0,86393.1,86393.1,20637.3,65755.8,0.238877,101.555,0.00250967,0.92743,0.837606,3.79505,0.0016358,0.00304643,0.536956,Ashanti Region
2480657B59515552665793,Amansie West,636.124,2578,126.96,31.3248,0.199584,0.0492477,0,0,2.59175,48.1132,0.075635,0,0,85656.8,85656.8,13953.3,71703.5,0.162898,134.654,0.0014822,0.943646,0.895002,4.19124,0.000957861,0.00302047,0.317123,Ashanti Region
2480657B57037677938762,Asutifi South,597.416,2423,221.789,54.6762,0.371247,0.0915349,0,0.282598,6.08186,62.8651,0.105228,0,0,50138,50138,14725.9,35412.1,0.293707,83.9248,0.00442357,0.931977,0.843208,4.19521,0.0016733,0.00176799,0.946442,Ahafo Region
2480657B78695952433486,Techiman Municipal,649.185,2637,986.3,242.79,1.51929,0.374023,0,0.87364,15.4341,132.932,0.204768,2.21539,0.00341258,153364,153364,74056,79308,0.482877,236.241,0.0064311,0.90496,0.767734,3.35426,0.0074412,0.005408,1.37596,Bono East Region
2480657B72362309510067,Upper Denkyira West,580.255,2350,635.509,156.947,1.09522,0.270429,0,0.661376,31.5173,138.535,0.238748,1.97588,0.00340518,73393.4,73393.4,33056.7,40336.7,0.450405,126.485,0.00865894,0.882,0.808616,4.92168,0.00479464,0.00258803,1.85262,Central Region
2480657B75157144819377,Techiman North,390.053,1585,203.734,50.1436,0.522322,0.128539,0,0.462321,7.43723,60.2989,0.154591,0,0,68036.4,68036.4,26566.2,41470.2,0.39047,174.428,0.00299448,0.896113,0.776374,3.33306,0.00153708,0.00239913,0.640682,Bono East Region
2480657B31989943834082,Cape Coast Metropolitan,121.927,493,1895.01,468.695,15.5421,3.84382,1.99325,10.0371,24.6316,99.176,0.813403,12.8615,0.105485,207318,207318,200145,7173.17,0.9654,1700.34,0.00914057,0.596179,0.425729,1.18312,0.014297,0.00731055,1.95567,Central Region
2480657B89828953333594,Komenda-edina-eguafo-abirem Municipal,452.618,1830,742.581,183.668,1.64064,0.405782,0,1.30741,7.31159,160.274,0.354105,0,0,161879,161879,101000,60879.3,0.623922,357.651,0.00458725,0.800196,0.660287,2.11098,0.00560245,0.00570827,0.981462,Central Region
2480657B21856882152043,Banda,2298.98,9355,249.179,61.2477,0.108387,0.0266359,0,0,7.49787,53.5863,0.0233087,0,0,44662.4,44650.2,7525.01,37125.2,0.168533,19.4271,0.00557916,0.986187,0.912725,9.3836,0.00187994,0.00157491,1.19369,Bono Region
2480657B7942392054994,Sefwi-wiawso,1010.98,4096,340.183,83.9732,0.336488,0.0830526,0,0.148752,8.01415,93.5527,0.0925363,0,0,152055,152055,47048.9,105006,0.30942,150.403,0.00223724,0.945079,0.832596,4.62361,0.00256653,0.00536184,0.478667,Western North Region
2480657B44306962794399,Jaman North,1031.34,4193,154.949,38.1101,0.15024,0.0369542,0,0,2.62438,54.3563,0.0527043,0,0,100101,100095,20362.8,79732.7,0.203434,97.0589,0.00154792,0.944737,0.837606,4.3781,0.00116902,0.00352981,0.331185,Bono Region
2480657B2337940648547,Asunafo South,925.334,3751,74.1133,18.2817,0.0800935,0.0197583,0,0,1.78978,27.8743,0.0301235,0,0,112547,112547,12172.7,100374,0.108157,121.628,0.00065851,0.972337,0.910731,5.87269,0.000559152,0.00396868,0.140891,Ahafo Region
2480657B14065489870616,Tain,1828.51,7432,117.75,28.9673,0.0643967,0.0158437,0,0,3.82962,37.6398,0.0205849,0,0,76709.3,76709.3,7743.34,68966,0.100944,41.9517,0.00153502,0.982327,0.930885,8.27468,0.000888373,0.00270496,0.328424,Bono Region
2480657B38880944597072,Nkoranza South,921.116,3741,305.507,75.2097,0.33167,0.0816645,0,0,9.12316,61.3008,0.0665506,0,0,114238,114238,25200.4,89038,0.220595,124.022,0.00267429,0.960959,0.889081,5.7334,0.00230491,0.00402833,0.572177,Bono East Region
2480657B32008532681061,Sekyere Kumawu,576.625,2339,154.018,37.9696,0.267103,0.065848,0,0.226824,3.97012,54.9757,0.0953403,0,0,41554,41554,11721.2,29832.8,0.282071,72.0641,0.00370646,0.934513,0.822966,3.90744,0.001162,0.0014653,0.793014,Ashanti Region
2480657B39398526932747,Bole,6170.14,25137,312.929,76.8098,0.0507167,0.012449,0,0,8.18982,67.0156,0.0108613,0,0,91766.1,91703.9,10616,81087.9,0.115764,14.8726,0.00341008,0.992912,0.940208,14.051,0.00236092,0.0032359,0.729601,Savannah Region
2480657B37542209080123,Sekyere Afram Plains North,3524.65,14307,13.5898,3.34909,0.00385563,0.000949868,0,0,1.25193,4.43595,0.00125855,0,0,65763.5,65763.5,755.256,65008.2,0.0114844,18.6581,0.000206646,0.998647,0.98988,26.4397,0.000102529,0.00231898,0.0442128,Ashanti Region
2480657B62831767110058,Asante Akim North,1127.26,4572,172.051,42.4262,0.152628,0.0376314,0,0,4.92187,46.3593,0.0411258,0,0,92429.6,92429.6,15004.9,77424.7,0.162339,81.9951,0.00186143,0.973971,0.9062,6.41922,0.00129805,0.0032593,0.39826,Ashanti Region
2480657B1767599566587,Asante Akim Central Municipal,299.232,1213,431.989,106.559,1.44366,0.356132,0,0.968219,8.83149,80.1684,0.267914,0,0,53035.1,53035.1,28202.8,24832.3,0.531776,177.238,0.00814533,0.859763,0.723132,2.67962,0.00325916,0.00187015,1.74273,Ashanti Region
2480657B78031413348906,Kintampo North Municipal,4890.94,19909,294.575,72.4085,0.0602287,0.0147961,0,0,8.56618,57.5048,0.0117574,0,0,109520,109518,15469.9,94048.4,0.141254,22.3924,0.00268969,0.993727,0.92982,14.3644,0.00222244,0.00386195,0.575471,Bono East Region
2480657B67032672358324,Asokore Mampong Municipal,24.1693,98,823.269,203.04,34.0626,8.4007,7.6242,13.1499,21.3955,24.1693,1,5.42585,0.224494,214949,214949,214949,0,1,8893.5,0.00383006,0.194418,0.202372,0.368963,0.0062112,0.00757965,0.819458,Ashanti Region
2480657B7685147466351,Atebubu Amantin,2620.28,10648,173.009,42.5719,0.0660268,0.016248,0,0,7.50799,40.3556,0.0154012,0,0,136722,136722,17011.6,119710,0.124425,52.1784,0.0012654,0.990251,0.935474,11.6309,0.00130527,0.00482116,0.270739,Bono East Region
2480657B94630675221037,Kwadaso Municipal,65.6081,266,2636.71,650.336,40.1888,9.91245,9.59444,14.9241,20.1236,65.6081,1,30.3377,0.462407,753202,753202,753202,0,1,11480.3,0.00350067,0.209169,0.177029,0.366593,0.0198928,0.0265598,0.748984,Ashanti Region
2480657B93484130612637,Kpandai,1134.71,4619,44.2463,10.8682,0.0389935,0.00957919,0,0,1.97266,14.0008,0.0123387,0,0,78568.3,78555.9,5074.98,73480.9,0.0646034,69.241,0.000563157,0.987683,0.950162,8.99342,0.000333819,0.00277051,0.12049,Northern Region
2480657B74771824828795,Ejisu Municipal,411.178,1667,1562.14,385.27,3.79919,0.937099,0,2.75793,13.1494,195.584,0.475667,0.73986,0.00179937,158499,158499,114777,43721.5,0.724152,385.474,0.00985588,0.751222,0.596749,1.80377,0.0117857,0.00558906,2.10871,Ashanti Region
2480657B6503151283934,Nkwanta North,1098.86,4475,72.2397,17.7387,0.0657409,0.016143,0,0,1.99077,24.3092,0.0221223,0,0,80712.5,80706,11395.6,69310.4,0.141199,73.4514,0.000895026,0.98088,0.896586,7.09224,0.000545017,0.00284612,0.191495,Oti Region
2480657B27736636353654,Biakoye,1104.83,4486,126.879,31.2484,0.114841,0.0282834,0,0,4.60831,42.609,0.0385662,0,0,95325.1,95305.7,17577.5,77728.2,0.184433,86.2806,0.00133102,0.962207,0.849916,5.56209,0.000957249,0.0033614,0.284777,Oti Region
2480657B15365927336493,Wassa Amenfi East,1558.56,6309,340.53,84.1237,0.21849,0.0539753,0,0,9.69725,103.267,0.066258,0,0,95537.8,95537.8,19271.9,76265.9,0.20172,61.2987,0.00356435,0.957707,0.893176,5.7421,0.00256915,0.0033689,0.762608,Western Region
2480657B60919857809422,Central Gonja,7557.38,30806,328.204,80.5344,0.0434283,0.0106539,0,0,12.1027,56.6742,0.00749918,0.981647,0.000129892,91601.7,90463.5,7845.12,82618.4,0.0867214,12.1208,0.00358295,0.996312,0.957318,19.3266,0.00247616,0.0032301,0.766587,Savannah Region
2480657B69717792501029,Tema West Municipal,44.7287,181,2602.9,643.233,58.1932,14.3807,13.6573,22.0646,24.5514,44.7287,1,32.8672,0.734812,150832,150832,150832,0,1,3372.16,0.0172569,0.215465,0.19927,0.374497,0.0196378,0.00531873,3.69219,Greater Accra Region
2480657B85535261310615,Ashaiman Municipal,18.2853,74,1094.16,270.366,59.8382,14.7859,15.4507,18.6059,21.889,18.2853,1,16.0615,0.878381,92866.2,92866.2,92866.2,0,1,5078.74,0.0117821,0.131661,0.105707,0.234156,0.00825495,0.00327469,2.52083,Greater Accra Region
2480657B24672710685383,Pru East,1651.71,6719,75.5586,18.5726,0.0457457,0.0112455,0,0,2.45416,22.8603,0.0138404,0,0,85754,85724.5,9905.98,75818.5,0.115556,51.9183,0.000881109,0.988263,0.917678,9.20879,0.000570057,0.0030239,0.188517,Bono East Region
2480657B63581433334614,Kpone Katamanso,238.674,966,4993.98,1233.96,20.9239,5.16975,3.40297,13.1771,30.7665,216.192,0.905806,37.0647,0.155294,230477,230477,223535,6942.31,0.969879,965.658,0.021668,0.5107,0.422788,0.978881,0.0376774,0.0081272,4.63596,Greater Accra Region
2480657B27215926841583,Savelugu,1545.25,6316,373.643,91.4702,0.241801,0.0591581,0,0,7.19528,93.023,0.0601994,0,0,125267,125267,30266.4,95000.3,0.241616,81.0658,0.00298278,0.960008,0.869983,5.59131,0.00281897,0.00441721,0.638178,Northern Region
2480657B1027184338147,Tamale Metropolitan,647.319,2642,2006.78,491.656,3.10014,0.759569,0,1.65837,25.0527,160.236,0.247537,13.4745,0.0208159,238674,238674,172370,66303.7,0.722199,368.711,0.00840805,0.90434,0.634488,3.39116,0.0151403,0.00841623,1.79894,Northern Region
2480657B87566941811639,Sagnerigu,200.363,818,1634.43,400.364,8.15731,1.99808,0.832083,6.08603,22.2645,147.701,0.737167,4.16454,0.0207849,179592,179592,163885,15707,0.912541,896.33,0.0091008,0.653677,0.452467,1.42408,0.012331,0.00633285,1.94716,Northern Region
2480657B76285553918092,Karaga,3122.85,12769,149.507,36.5725,0.0478752,0.0117086,0,0,4.51403,37.1829,0.0119067,0,0,117773,117773,7974.26,109799,0.0677085,37.7134,0.00126945,0.990251,0.957823,10.9428,0.00112797,0.00415298,0.271604,Northern Region
2480657B30922977157044,North East Gonja,6086.24,24797,141.592,34.7528,0.0232643,0.00571004,0,0,3.95459,35.3437,0.00580714,0,0,170344,170306,7832.18,162473,0.045989,27.9884,0.000831212,0.99527,0.969829,15.1598,0.00106825,0.00600675,0.177841,Savannah Region
2480657B27395942809935,South Dayi,359.416,1457,151.005,37.2534,0.420141,0.103641,0,0.336808,2.85015,53.5337,0.148946,0,0,50180.5,50175.9,19565.9,30610,0.389945,139.617,0.00300925,0.885836,0.732575,2.83389,0.00113927,0.00176949,0.643842,Volta Region
2480657B5704764806917,Tempane,384.04,1575,17.8714,4.3573,0.0465353,0.0113469,0,0,1.16159,6.09538,0.0158717,0,0,69716.5,69714.6,2888.1,66826.5,0.0414275,181.534,0.000256344,0.977621,0.952573,6.44905,0.000134832,0.00245838,0.054846,Upper East Region
2480657B19171272300465,Bolga  East,71.7151,294,181.807,44.35,2.53513,0.618392,0.284881,1.96458,4.79058,36.591,0.510227,0,0,32845.9,32845.9,25733,7112.88,0.783447,458.006,0.00553515,0.712499,0.523858,1.59475,0.00137166,0.00115823,1.18427,Upper East Region
2480657B16330149254954,Yunyoo-nasuan,488.688,2001,0,0,0,0,0,0,0,0,0,0,0,43416.4,43416.4,0,43416.4,0,88.8428,0,,,,0,0.00153097,0,North East Region
2480657B96271436146347,Nanton,475.069,1940,47.4452,11.6176,0.0998702,0.0244563,0,0,1.31337,15.9163,0.0335032,0,0,47658.6,47658.6,4184.7,43473.9,0.0878058,100.319,0.000995522,0.958319,0.910506,4.69627,0.000357953,0.00168056,0.212996,Northern Region
2480657B24956698199939,Assin Fosu,279.948,1133,189.08,46.7207,0.675412,0.166884,0,0.492418,5.51892,48.9238,0.174761,0,0,57662.7,57662.7,28448.7,29214,0.493363,205.977,0.00327907,0.900584,0.732901,3.19971,0.00142653,0.00203333,0.701571,Central Region
2480657B15531990631346,Gomoa Central,121.397,491,123.556,30.5496,1.01778,0.251641,0,0.739397,2.92248,44.9993,0.370678,0,0,39136.4,39136.4,20838.9,18297.5,0.532469,322.383,0.00315706,0.761498,0.66517,1.80132,0.000932175,0.00138005,0.675467,Central Region
2480657B32965552352903,Pru West,1569.88,6384,0,0,0,0,0,0,0,0,0,0,0,58835.5,58835.5,0,58835.5,0,37.4776,0,,,,0,0.00207468,0,Bono East Region
2480657B54527757245703,Berekum West,400.852,1628,90.7123,22.3363,0.226298,0.0557201,0,0,6.00969,31.0251,0.0773979,0,0,59906.4,59906.4,14172.7,45733.7,0.236581,149.447,0.00151423,0.94194,0.844885,4.50041,0.000684384,0.00211245,0.323977,Bono Region
2480657B58897854519282,Ahafo Ano South West,503.181,2041,68.6393,16.9205,0.136411,0.0336302,0,0,1.98511,24.8977,0.0494807,0,0,39337.3,39337.3,5776.11,33561.2,0.146835,78.1774,0.00174489,0.950778,0.877003,4.38316,0.000517854,0.00138713,0.373327,Ashanti Region
2480657B37143689168174,Amansie South,593.362,2404,161.737,39.9184,0.272577,0.0672782,0,0,6.33534,41.9583,0.0707129,0,0,68747,68747,13409.4,55337.6,0.195054,115.86,0.00235264,0.957852,0.897288,5.34826,0.00122023,0.00242419,0.503358,Ashanti Region
2480657B14484334363928,Atwima Nwabiagya North,212.275,861,253.686,62.5538,1.19508,0.294641,0,0.966089,5.13681,47.5881,0.224182,0,0,33318.3,33317.8,17021.3,16296.5,0.510877,156.958,0.00761402,0.871716,0.712212,2.63003,0.00191395,0.00117488,1.62905,Ashanti Region
2480657B88279606337785,Adansi Akrofuom,567.99,2300,110.983,27.4064,0.195395,0.0482533,0,0,4.18715,31.1151,0.0547812,0,0,87139.6,87139.6,14843.1,72296.5,0.170337,153.418,0.00127362,0.964147,0.895658,5.3475,0.000837314,0.00307276,0.272496,Ashanti Region
2480657B92670413622569,Adansi North,258.187,1046,247.986,61.2119,0.96049,0.23708,0,0.776704,2.84013,79.7276,0.308799,0,0,61452.4,61452.4,31700.4,29752,0.515853,238.015,0.00403541,0.795313,0.668072,1.94072,0.00187094,0.00216696,0.863395,Ashanti Region
2480657B26017273678273,Obuasi East,75.0521,304,272.064,67.1663,3.625,0.894948,0.55135,2.49585,6.0083,45.4256,0.605254,0,0,28154.9,28154.9,23027.6,5127.32,0.817889,375.138,0.00966312,0.648179,0.515039,1.36128,0.00205261,0.000992812,2.06747,Ashanti Region
2480657B47912218033723,Afigya Kwabre North,185.088,751,46.0732,11.3554,0.248926,0.0613491,0,0.269065,1.92759,19.2243,0.103866,0,0,78937.5,78937.5,20388.3,58549.2,0.258284,426.486,0.000583667,0.912411,0.8024,3.20259,0.000347602,0.00278353,0.124878,Ashanti Region
2480657B53854728613413,Kumasi Metropolitan,21.4574,87,1429.49,352.564,66.6198,16.4309,15.6989,20.3999,25.1578,21.4574,1,21.4574,1,348797,348797,348797,0,1,16255.3,0.00409834,0.0896284,0.0905514,0.167843,0.0107849,0.0122994,0.876858,Ashanti Region
2480657B70835976798974,Oforikrom Municipal,44.3958,180,1566.76,386.429,35.2907,8.70422,8.78803,12.4882,16.3176,44.3958,1,13.3186,0.299996,317891,317891,317891,0,1,7160.38,0.00492861,0.191417,0.165951,0.341207,0.0118205,0.0112096,1.0545,Ashanti Region
2480657B91188187265148,Asokwa  Municipal,27.1324,110,963.19,237.577,35.4996,8.75627,8.79586,11.6927,15.1815,27.1324,1,7.64625,0.281813,323843,323843,323843,0,1,11935.7,0.00297425,0.155724,0.126621,0.284217,0.00726684,0.0114195,0.636354,Ashanti Region
2480657B10806173713075,Old Tafo Municipal,28.6069,116,1001.42,246.963,35.0062,8.63294,8.63487,10.3688,13.6547,28.6069,1,4.93237,0.172419,327411,327411,327411,0,1,11445.2,0.0030586,0.107851,0.082687,0.193931,0.00755528,0.0115453,0.654401,Ashanti Region
2480657B48966175900279,Suame Municipal,27.8671,113,804.317,198.357,28.8626,7.11785,6.74125,11.5178,16.1545,27.8671,1,5.67235,0.20355,300295,300295,300295,0,1,10776,0.00267842,0.262474,0.164315,0.462546,0.00606822,0.0105891,0.57306,Ashanti Region
2480657B53382680619634,Juaben Municipal,170.4,691,72.3499,17.8395,0.424587,0.104703,0,0.426964,2.31446,24.6575,0.144703,0,0,20050.6,20050.6,5819.86,14230.8,0.290258,117.668,0.00360836,0.90009,0.80169,2.92568,0.000545848,0.000707035,0.772024,Ashanti Region
2480657B99533750399286,Ablekuma Central Municipal,13.841,56,900.578,222.587,65.0658,16.0817,15.9332,20.249,22.0887,13.841,1,13.841,1,242501,242501,242501,0,1,17520.5,0.0037137,0.0890398,0.0869488,0.158319,0.00679446,0.0085512,0.794563,Greater Accra Region
2480657B35357833911053,Korle Klottey Municipal,10.3807,42,1042.74,257.722,100.45,24.8272,25.1371,30.0047,31.5586,10.3807,1,10.3807,1,168857,168857,168857,0,1,16266.5,0.00617529,0.0846517,0.0729601,0.153877,0.00786702,0.00595432,1.32123,Greater Accra Region
2480657B23952932171735,Ablekuma North Municipal,29.658,120,1947.55,481.336,65.667,16.2296,15.6697,20.3418,23.4728,29.658,1,29.658,1,442352,442352,442352,0,1,14915.1,0.00440271,0.0922937,0.0919275,0.166358,0.0146934,0.0155984,0.941979,Greater Accra Region
2480657B42813544323317,Ayawaso North Municipal,4.6957,19,354.708,87.6634,75.5389,18.6689,18.439,20.4319,21.8478,4.6957,1,4.6957,1,71492.6,71492.6,71492.6,0,1,15225.1,0.00496147,0.0439538,0.0423585,0.0785388,0.00267612,0.00252101,1.06153,Greater Accra Region
2480657B29980074443403,Ayawaso East Municipal,6.17864,25,526.899,130.221,85.2775,21.076,21.2547,24.8567,25.9084,6.17864,1,6.17864,1,92460.1,92460.1,92460.1,0,1,14964.5,0.00569866,0.0667805,0.0676948,0.117486,0.00397522,0.00326037,1.21925,Greater Accra Region
2480657B77934780741907,Okaikwei North Municipal,22.9833,93,1162.94,287.401,50.5992,12.5047,11.6975,18.4837,20.8697,22.9833,1,13.5925,0.591407,215928,215928,215928,0,1,9395.01,0.00538575,0.201579,0.163657,0.353645,0.00877384,0.00761416,1.15231,Greater Accra Region
2480657B39319620746428,Ga North Municipal,123.295,499,2047.52,505.94,16.6066,4.10324,3.23515,9.40658,16.0542,108.718,0.881773,9.88488,0.0801725,169568,169568,165447,4121.26,0.975696,1375.3,0.0120749,0.487275,0.365063,0.907464,0.0154476,0.00597939,2.58348,Greater Accra Region
2480657B6669757606157,Weija Gbawe Municipal,163.622,662,4256.42,1052.03,26.0138,6.42964,4.84232,12.8027,17.9739,159.668,0.975833,43.5002,0.265858,385798,385798,384994,803.803,0.997917,2357.86,0.0110328,0.383209,0.272896,0.680915,0.0321128,0.0136042,2.36051,Greater Accra Region
2480657B96734395613726,Krowor Municipal,18.0409,73,1217.13,300.794,67.4646,16.673,16.9866,21.5083,23.8891,18.0409,1,17.0524,0.945204,113785,113785,113785,0,1,6307.04,0.0106967,0.134352,0.121913,0.241518,0.00918268,0.00401234,2.28861,Greater Accra Region
2480657B34044169329977,Tema Metropolitan,42.752,173,3465.64,856.433,81.0637,20.0326,18.8866,35.0424,57.0278,42.752,1,36.0795,0.843925,153273,153273,153273,0,1,3585.17,0.0226109,0.269108,0.221718,0.535147,0.0261467,0.00540478,4.8377,Greater Accra Region
2480657B20562210440652,East Gonja Municipal,2251.12,9163,0,0,0,0,0,0,0,0,0,0,0,37918.8,37908.8,0,37908.8,0,16.8444,0,,,,0,0.00133711,0,Savannah Region
2480657B12570528382412,Ablekuma West Municipal,13.1,53,564.356,139.491,43.0807,10.6482,11.3502,14.537,17.8237,13.1,1,8.89803,0.679241,166368,166368,166368,0,1,12699.9,0.00339221,0.172256,0.141575,0.307079,0.00425782,0.00586656,0.725777,Greater Accra Region
2480657B92273702685271,Ayawaso Central Municipal,1.73005,7,136.467,33.7279,78.8803,19.4953,18.9307,21.317,21.4647,1.73005,1,1.73005,1,34092.8,34092.8,34092.8,0,1,19706.2,0.00400281,0.0382706,0.0384397,0.0685312,0.00102958,0.0012022,0.856419,Greater Accra Region
2480657B11720749290533,Accra Metropolis,5.19045,21,416.517,102.948,80.2468,19.8341,19.6138,23.332,27.2407,5.19045,1,5.19045,1,85569.1,85569.1,85569.1,0,1,16485.9,0.00486761,0.0870258,0.0818542,0.157543,0.00314244,0.00301738,1.04145,Greater Accra Region
2480657B74011824532465,Anloga,235.188,952,145.542,35.9571,0.618835,0.152881,0,0.48785,3.81348,46.6933,0.198536,0,0,75026,75025.3,27326.7,47698.5,0.364234,319.005,0.00193989,0.85263,0.757875,2.51785,0.00109805,0.0026456,0.415048,Volta Region
2480657B3368374944964,Sekondi Takoradi Metropolis,86.0937,348,1717.29,424.869,19.9467,4.93473,3.86295,10.7423,28.4518,76.6935,0.890815,9.64924,0.112078,379802,379802,373444,6357.7,0.98326,4411.5,0.00452153,0.508601,0.37269,0.990405,0.0129562,0.0133928,0.967401,Western Region
2480657B68408124911047,Kwahu South,794.508,3221,252.377,62.2557,0.317653,0.0783538,0,0,3.04354,66.1086,0.083207,0,0,81426.5,81422.5,22544.8,58877.7,0.276886,102.487,0.00309945,0.943324,0.817513,3.98346,0.00190408,0.0028713,0.663141,Eastern Region
2480657B68278489034036,Asene Akroso Manso,418.97,1696,110.167,27.2142,0.262946,0.0649567,0,0,2.77704,36.0661,0.0860828,0,0,86422.2,86422.2,18854.3,67567.9,0.218165,206.273,0.00127475,0.941646,0.854076,3.93542,0.000831158,0.00304746,0.272738,Eastern Region
2480657B72113427832631,Upper Manya,859.058,3481,112.919,27.8674,0.131445,0.0324386,0,0,5.30733,31.3429,0.0364852,0,0,76047,76041.8,10251.2,65790.7,0.134809,88.5238,0.00148486,0.967552,0.922798,6.54612,0.000851924,0.00268161,0.317692,Eastern Region
2480657B77450065295387,Achiase,412.833,1671,96.3052,23.7919,0.233279,0.0576332,0,0.18528,2.41272,36.3158,0.0879674,0,0,93950.3,93950.3,23710.1,70240.2,0.252368,227.575,0.00102507,0.932425,0.823357,3.74386,0.00072658,0.00331292,0.219317,Eastern Region
2480657B59311092791004,Okere,308.431,1249,271.508,67.0484,0.880287,0.21738,0,0.677327,5.75655,85.6897,0.277824,0,0,76173.7,76173.7,35865.2,40308.5,0.470834,246.971,0.00356433,0.825014,0.747111,2.32579,0.00204841,0.00268607,0.762603,Eastern Region
2480657B63323125119927,Yilo Krobo,482.419,1954,422.832,104.405,0.876482,0.216393,0,0.556174,8.19198,77.0376,0.15969,0,0,86726.2,86726.2,35487.7,51238.5,0.409193,179.773,0.00487548,0.917924,0.786393,3.65799,0.00319008,0.00305818,1.04313,Eastern Region
2480657B65169023596143,Atiwa West,586.52,2376,84.4624,20.8477,0.144006,0.0355482,0,0,2.46181,33.8157,0.0576549,0,0,88483.8,88483.8,14428.4,74055.4,0.163063,150.863,0.000954552,0.955775,0.88352,4.70232,0.000637232,0.00312016,0.204231,Eastern Region
2480657B95199515281033,New Juaben North Municipal,105.18,426,342.676,84.6107,3.25799,0.804404,0.341152,2.37981,7.58829,53.332,0.507054,0,0,88411.4,88411.4,69557.7,18853.6,0.786751,840.571,0.00387593,0.724625,0.547495,1.6818,0.00258534,0.0031176,0.829272,Eastern Region
2480657B42231307300111,Fanteakwa North,837.63,3395,106.553,26.2955,0.127208,0.0313853,0,0,4.61144,25.4184,0.0303456,0,0,78141.8,78138.2,11256,66882.2,0.144052,93.2892,0.00136359,0.98245,0.916599,7.81041,0.000803897,0.00275547,0.291745,Eastern Region
2480657B81401264659986,Birim North,566.142,2294,607.998,150.055,1.07393,0.265038,0,0.552768,37.3655,90.3274,0.159549,2.22126,0.0039235,102170,102170,38220.6,63949.3,0.374089,180.467,0.00595085,0.933656,0.854442,5.6424,0.00458708,0.00360277,1.27321,Eastern Region
2480657B37277876999120,Asuogyaman,765.272,3101,1058.75,261.333,1.38349,0.341421,0,0.865976,18.4113,185.609,0.242539,3.20891,0.00419316,108802,108794,69398.9,39395.4,0.637891,142.175,0.00973092,0.879991,0.692089,3.48946,0.00798779,0.00383665,2.08197,Eastern Region
2480657B54162505201867,Kwahu East,624.21,2531,175.008,43.1663,0.280368,0.069146,0,0,2.75378,54.7573,0.0877226,0,0,69991.9,69991.9,15063.3,54928.6,0.215215,112.129,0.00250041,0.940478,0.857097,3.90552,0.00132036,0.00246809,0.534974,Eastern Region
2480657B50723205918173,Kwahu West,401.415,1627,302.098,74.5295,0.752584,0.185678,0,0.583471,4.84943,57.2361,0.142586,0,0,91369.9,91369.9,34625.6,56744.2,0.378961,227.62,0.00330632,0.915466,0.766883,3.22888,0.0022792,0.00322193,0.707402,Eastern Region
2480657B54302337253194,Lower Manya,304.154,1232,655.463,161.833,2.15503,0.532032,0,1.52861,8.72862,96.5366,0.317394,0,0,84669.5,84665.6,61012.9,23652.7,0.720634,278.377,0.00774143,0.825111,0.56308,2.21622,0.00494518,0.00298566,1.65631,Eastern Region
2480657B74727980909537,Nsawam Adoagyiri,176.389,714,557.755,137.794,3.16207,0.781169,0.530184,2.1706,5.52497,101.537,0.575642,0,0,66476.9,66476.9,50118.5,16358.5,0.753923,376.877,0.00839021,0.653065,0.532656,1.37729,0.00420802,0.00234414,1.79512,Eastern Region
2480657B26354408705676,Akwapem South,225.292,912,401.007,99.0688,1.77995,0.439701,0,1.40059,7.43733,74.3608,0.330064,0,0,57414.5,57414.5,31812,25602.5,0.554075,254.845,0.00698443,0.789889,0.654201,1.95453,0.00302543,0.00202458,1.49435,Eastern Region
2480657B53762921220630,Denkyembour,435.852,1765,240.576,59.409,0.551966,0.136304,0,0.469968,4.97462,77.2935,0.177339,0,0,89670.9,89670.9,33850.8,55820.1,0.3775,205.737,0.00268287,0.885242,0.776687,2.95625,0.00181504,0.00316202,0.574013,Eastern Region
2480657B54074930978119,Kwaebibirem,804.793,3260,268.053,66.1746,0.333071,0.0822249,0,0,6.37216,69.3714,0.0861978,0,0,113630,113630,29372.9,84257.1,0.258496,141.191,0.002359,0.9509,0.860838,4.81786,0.00202234,0.00400687,0.504718,Eastern Region
2480657B87039075961323,Kwahu Afram Plains South,3098.88,12570,55.2929,13.6309,0.0178429,0.0043988,0,0,2.00294,16.7638,0.00540962,0,0,163820,163786,5629.2,158156,0.0343693,52.8642,0.000337522,0.992522,0.967251,12.027,0.000417161,0.0057767,0.0722144,Eastern Region
2480657B6837938265733,Kwahu Afram Plains North,2340.28,9493,60.7187,14.9647,0.0259451,0.00639615,0,0,2.19806,18.2381,0.00779313,0,0,115581,115518,8484.49,107033,0.0734476,49.3876,0.000525336,0.992797,0.945391,11.9557,0.000458096,0.00407566,0.112398,Eastern Region
2480657B2570339807900,Suhum Municipal,360.048,1458,236.276,58.3472,0.656236,0.162055,0,0.540054,4.82381,65.9334,0.183124,0,0,80848.9,80848.9,31953.3,48895.6,0.395223,224.55,0.00292245,0.892442,0.78305,3.08943,0.0017826,0.00285093,0.62527,Eastern Region
2480657B11085167902059,Ayensuano,498.429,2018,71.3914,17.6335,0.143233,0.0353773,0,0,0.936673,36.8027,0.0738375,0,0,92227.6,92227.6,14817.3,77410.2,0.160661,185.037,0.000774079,0.932713,0.85967,3.5266,0.000538617,0.00325217,0.165618,Eastern Region
2480657B6434141016984,Abuakwa South,348.366,1411,211.395,52.1913,0.60682,0.149819,0,0.514041,2.86228,80.9796,0.232456,0,0,102546,102546,43617.9,58927.9,0.42535,294.363,0.00206147,0.83247,0.714944,2.21564,0.00159488,0.00361602,0.441061,Eastern Region
2480657B98999442599484,Upper West Akim,341.678,1383,86.0428,21.2575,0.251825,0.0622146,0,0.284818,2.82677,37.0586,0.108461,0,0,104830,104830,22688.3,82141.8,0.216429,306.81,0.000820784,0.921542,0.860178,3.59847,0.000649155,0.00369657,0.17561,Eastern Region
2480657B57614018833162,West Akim,475.483,1925,200.196,49.4532,0.421039,0.103998,0,0.264153,5.50407,48.9098,0.102864,0,0,119781,119781,33645.1,86135.6,0.280889,251.914,0.00167136,0.940607,0.847285,4.16276,0.00151039,0.00422376,0.357594,Eastern Region
2480657B32538733435540,Akyem Mansa,611.894,2478,49.8489,12.3084,0.0814665,0.0201166,0,0,0.997489,22.963,0.0375277,0,0,106703,106703,9749.84,96953.3,0.0913735,174.382,0.000467173,0.9587,0.909258,4.61241,0.000376088,0.00376262,0.0999538,Eastern Region
2480657B7526405183619,Atiwa East,580.415,2352,133.537,32.9548,0.230071,0.0567759,0,0,3.05328,44.914,0.0773825,0,0,69540.9,69540.9,17806.9,51734,0.256064,119.812,0.00192027,0.948853,0.840416,4.34513,0.00100748,0.00245218,0.410849,Eastern Region
2480657B86034404720136,New Juaben South Municipal,54.3248,220,1076.79,265.892,19.8213,4.89449,4.27193,9.38738,15.3489,53.584,0.986364,3.70388,0.0681803,116729,116729,116636,93.3597,0.9992,2148.73,0.00922465,0.388501,0.273571,0.68768,0.0081239,0.00411617,1.97365,Eastern Region
2480657B71012260699376,Birim South,311.484,1261,247.123,61.0426,0.793374,0.195974,0,0.634855,4.66298,62.4946,0.200635,0,0,87090.3,87090.3,42229.5,44860.9,0.484893,279.598,0.00283755,0.880956,0.722157,2.75107,0.00186443,0.00307102,0.607106,Eastern Region
2480657B42374646075926,Abuakwa North,158.976,644,307.334,75.8684,1.93321,0.477226,0,1.64597,3.95649,71.0951,0.447207,0,0,72637.5,72637.5,52867.3,19770.2,0.727823,456.91,0.00423106,0.720544,0.51108,1.53575,0.0023187,0.00256138,0.905254,Eastern Region
2480657B16553972090858,Akwapem North,305.275,1236,479.817,118.51,1.57175,0.388202,0,1.23918,5.27013,96.8202,0.317157,0,0,90415.6,90415.6,49333.5,41082.1,0.545631,296.177,0.0053068,0.80943,0.659641,2.04663,0.00362001,0.00318828,1.13541,Eastern Region
2480657B5172435396617,Fanteakwa South,260.874,1057,132.82,32.782,0.509136,0.125658,0,0.498899,2.90809,46.8947,0.17976,0,0,42404.3,42404.3,16896,25508.3,0.398449,162.547,0.00313224,0.873069,0.727886,2.57812,0.00100207,0.00149528,0.670156,Eastern Region
2480657B80684943588404,Birim Central Municipal,105.462,427,257.801,63.6762,2.4445,0.60375,0,2.3519,7.49922,36.555,0.346618,0,0,54448.8,54448.8,38156,16292.8,0.700768,516.29,0.00473475,0.824814,0.580271,2.17326,0.001945,0.00192,1.01302,Eastern Region
